"股吧代码","股吧名称","帖子ID","标题","作者","内容","点击","评论数","转发","看多看空","发布时间","IP"
"sh000001","上证指数","1745289206","散户干万不要忍不住去接最后那些三件套的一把刀。","百年老树根","散户干万不要忍不住去接最后那些三件套的一把刀。","1","0","0","","2026-07-17 11:47:59",""
"sh000001","上证指数","1745289172","装模装样，带种的就跌到3500。一天天的仰卧起坐，吓唬谁呢。","OB_Thanos","装模装样，带种的就跌到3500。一天天的仰卧起坐，吓唬谁呢。","1","0","0","","2026-07-17 11:47:54",""
"sh000001","上证指数","1745289071","看了一下历史，前面两轮大顶分别是6000，5000，这一轮4000，下一次的牛市","基民3g22868w63","看了一下历史，前面两轮大顶分别是6000，5000，这一轮4000，下一次的牛市","1","0","0","","2026-07-17 11:47:41",""
"sh000001","上证指数","1745288932","未来上证持续拉升，科创板创业板持续下跌，因为他们要拉金融了，只有金融股严重低估","生机发财得龙啸云","未来上证持续拉升，科创板创业板持续下跌，因为他们要拉金融了，只有金融股严重低估","1","0","0","","2026-07-17 11:47:25",""
"sh000001","上证指数","1745288910","月线级别的调整，看3730左右的支撑是否有效","股王ymbf8ymfc6","月线级别的调整，看3730左右的支撑是否有效","1","0","0","","2026-07-17 11:47:23",""
"sh000001","上证指数","1745288869","这次是奔着3500点左右去的","股惑仔赚一个燚","这次是奔着3500点左右去的","1","0","0","","2026-07-17 11:47:17",""
"sh000001","上证指数","1745288845","股票的核心逻辑就是，引导思路，总的来说就是，让大家持续持仓的底层逻辑尽量统一，然","股友8Cd1230933","股票的核心逻辑就是，引导思路，总的来说就是，让大家持续持仓的底层逻辑尽量统一，然","1","0","0","","2026-07-17 11:47:15",""
"sh000001","上证指数","1745288833","去量化，开T0，退垃圾，护优绩才能长盛不衰！","高梁大米","去量化，开T0，退垃圾，护优绩才能长盛不衰！","1","0","0","","2026-07-17 11:47:15",""
"sh000001","上证指数","1745288801","禁言了","股友m9Niiu88","禁言了","1","0","0","","2026-07-17 11:47:13",""
"sh000001","上证指数","1745288770","家人们我是新手小白.这就是慢牛吗","主力最痛恨的人","家人们我是新手小白.这就是慢牛吗","1","0","0","","2026-07-17 11:47:10",""
"sh000001","上证指数","1745288687","重仓，满仓的朋友中午吃啥，，，调整心情先减一半。就算卖飞了起码你心情好点。反弹有","千岁狐狸","重仓，满仓的朋友中午吃啥，，，调整心情先减一半。就算卖飞了起码你心情好点。反弹有","3","0","0","","2026-07-17 11:47:01",""
"sh000001","上证指数","1745288677","预计3700附近能稳住","强者恒强为王","预计3700附近能稳住","1","0","0","","2026-07-17 11:47:00",""
"sh000001","上证指数","1745288671","星期一去销户了","自信的何淼洋","星期一去销户了","1","0","0","","2026-07-17 11:46:58",""
"sh000001","上证指数","1745288659","快跑吧有反弹就跑草","有条理的戚兰芳","快跑吧有反弹就跑草","2","0","0","","2026-07-17 11:46:58",""
"sh000001","上证指数","1745288649","跌穿年线，收不回走熊了","从100元炒到10个亿","跌穿年线，收不回走熊了","1","0","0","","2026-07-17 11:46:56",""
"sh000001","上证指数","1745288615","这次有没有赢？","刀娃要狂奔","这次有没有赢？","1","0","0","","2026-07-17 11:46:53",""
"sh000001","上证指数","1745288619","让你救老登","Hahaco","让你救老登","3","0","0","","2026-07-17 11:46:52",""
"sh000001","上证指数","1745288570","今天守住3700月底肯定会砸到3500！还有科技处于高位他们资金还没撤！","利通跌停","今天守住3700月底肯定会砸到3500！还有科技处于高位他们资金还没撤！","1","0","0","","2026-07-17 11:46:48",""
"sh000001","上证指数","1745288568","下午反弹！！","价值投资是坑比","下午反弹！！","1","0","0","","2026-07-17 11:46:48",""
"sh000001","上证指数","1745288387","赶快跌穿3400点吧！！！","lkfcufyg753186","赶快跌穿3400点吧！！！","1","0","0","","2026-07-17 11:46:30",""
"sh000001","上证指数","1745288379","下午可以抄底券商了","ymw1688","下午可以抄底券商了","2","0","0","","2026-07-17 11:46:29",""
"sh000001","上证指数","1745288367","大家都莫急，慢牛就要有慢牛的规矩","无期扁舟","大家都莫急，慢牛就要有慢牛的规矩","21","0","1","","2026-07-17 11:46:29",""
"sh000001","上证指数","1745288364","行情不好就空仓，没有规定行情不好时也必须交易，所以你非要天天交易亏了钱只能怪自己","股市之玩尽杀绝","行情不好就空仓，没有规定行情不好时也必须交易，所以你非要天天交易亏了钱只能怪自己","4","0","0","","2026-07-17 11:46:29",""
"sh000001","上证指数","1745288363","量化下的熊市大部分时间4000多只下跌，几十家跌停，亏钱太利害了","向牛市招手","量化下的熊市大部分时间4000多只下跌，几十家跌停，亏钱太利害了","2","0","0","","2026-07-17 11:46:29",""
"sh000001","上证指数","1745288358","投降输一半","人狠话太多","投降输一半","1","0","0","","2026-07-17 11:46:28",""
"sh000001","上证指数","1745288330","还差818，39点。相信光。耐心持有一定有回报的。","只看向上的","还差818，39点。相信光。耐心持有一定有回报的。","1","0","0","","2026-07-17 11:46:25",""
"sh000001","上证指数","1745288257","今天遍地都是机会。牢a真好","坚决不碰a股","今天遍地都是机会。牢a真好","1","0","0","","2026-07-17 11:46:20",""
"sh000001","上证指数","1745288250","大家一定坚信信心，3000点稳中向好，长线投资，相信大主力，大基金，带领我们站稳","图形魅力","大家一定坚信信心，3000点稳中向好，长线投资，相信大主力，大基金，带领我们站稳","1","0","0","","2026-07-17 11:46:19",""
"sh000001","上证指数","1745288238","销户是安全的","股友Vb0EHA","销户是安全的","2","0","0","","2026-07-17 11:46:18",""
"sh000001","上证指数","1745288233","熊途漫漫......","股友561961X21t","熊途漫漫......","1","0","0","","2026-07-17 11:46:18",""
"sh000001","上证指数","1745288141","科技真到头了这一次！太恐怖了，中际旭创都跌停了，以前从没有过这种现象！","瀑布雨","科技真到头了这一次！太恐怖了，中际旭创都跌停了，以前从没有过这种现象！","1","0","0","","2026-07-17 11:46:08",""
"sh000001","上证指数","1745288087","这次不像是洗盘了","再追2万恒科","这次不像是洗盘了","2","0","0","","2026-07-17 11:46:01",""
"sh000001","上证指数","1745288068","今天又是泡尿","老辉哉","今天又是泡尿","1","0","0","","2026-07-17 11:46:00",""
"sh000001","上证指数","1745288003","三鸟","睢阳路","三鸟","1","0","0","","2026-07-17 11:45:53",""
"sh000001","上证指数","1745287964","……","毗舍童子","……","1","0","0","","2026-07-17 11:45:49",""
"sh000001","上证指数","1745287918","每天大跌不带一点反弹的，真lj","爱理财的小蜗牛","每天大跌不带一点反弹的，真lj","1","0","0","","2026-07-17 11:45:44",""
"sh000001","上证指数","1745287875","牛市结束了没办法了，销户了，还好没开两融事到如今，最对不起的就是家人，白打工两年","低调的毛猴","牛市结束了没办法了，销户了，还好没开两融事到如今，最对不起的就是家人，白打工两年","1","0","0","","2026-07-17 11:45:39",""
"sh000001","上证指数","1745287868","虽然上证指数只跌了一个多点，但大科技的票几乎全部腰斩了！","股友5F333x0756","虽然上证指数只跌了一个多点，但大科技的票几乎全部腰斩了！","2","0","0","","2026-07-17 11:45:38",""
"sh000001","上证指数","1745287839","一个小韩国几千万人股市涨到8000多点，A股好几亿散户连4000多点都稳不住，美","有耐心的股东","一个小韩国几千万人股市涨到8000多点，A股好几亿散户连4000多点都稳不住，美","2","0","0","","2026-07-17 11:45:34",""
"sh000001","上证指数","1745287827","熊市即将到来。直奔3000点","爱抄底大叔叔","熊市即将到来。直奔3000点","1","0","0","","2026-07-17 11:45:33",""
"sh000001","上证指数","1745287818","这轮牛市已然回到当初原点，3790是目前最后的防守，破了就起不来了，那么4285","你在我眼中是最美1","这轮牛市已然回到当初原点，3790是目前最后的防守，破了就起不来了，那么4285","1","0","0","","2026-07-17 11:45:31",""
"sh000001","上证指数","1745287799","$上证指数(SH000001)$","股友6w8675d036","$上证指数(SH000001)$","1","0","0","","2026-07-17 11:45:30",""
"sh000001","上证指数","1745287771","收盘怎么没有新闻报道了？？？？","大A锁螺丝","收盘怎么没有新闻报道了？？？？","1","0","0","","2026-07-17 11:45:27",""
"sh000001","上证指数","1745287758","股票全面清仓，这个跌法，先保证本金，活下来，下周一大跌再回来","股友1698W390A6","股票全面清仓，这个跌法，先保证本金，活下来，下周一大跌再回来","1","0","0","","2026-07-17 11:45:25",""
"sh000001","上证指数","1745287684","散户们，别抱希望了，立场呗！","暴跌三杰","散户们，别抱希望了，立场呗！","1","0","0","","2026-07-17 11:45:18",""
"sh000001","上证指数","1745287601","……","聚股缘7052","……","1","0","0","","2026-07-17 11:45:08",""
"sh000001","上证指数","1745287598","跌跌更健康！","whh凡人7823","跌跌更健康！","3","0","0","","2026-07-17 11:45:08",""
"sh000001","上证指数","1745287561","大部分股票一年前就开始熊市了","热乎乎的尤聪4","大部分股票一年前就开始熊市了","1","0","0","","2026-07-17 11:45:04",""
"sh000001","上证指数","1745287559","瞎子吗？还有牛市！","基民FmGD6n","瞎子吗？还有牛市！","1","1","0","","2026-07-17 11:45:04",""
"sh000001","上证指数","1745287542","难道说大多数个股都跌破历史低点才是慢牛？这才是真的牛！","于无声处待惊雷","难道说大多数个股都跌破历史低点才是慢牛？这才是真的牛！","1","0","0","","2026-07-17 11:45:03",""
"sh000001","上证指数","1745287506","我今天就抄底有种上方缺口补补","道不同路千种","我今天就抄底有种上方缺口补补","1","0","0","","2026-07-17 11:44:59",""
"sh000001","上证指数","1745287477","每天100点下跌下下周就到3000点了这个市场真会玩","股友O6H9290622","每天100点下跌下下周就到3000点了这个市场真会玩","1","0","0","","2026-07-17 11:44:56",""
"sh000001","上证指数","1745287447","准备好吧，今天丶周一会有反抽。但趋势改变不了！A股今年算是不行了！重心会反弹创不","耀光夕阳无限好","准备好吧，今天丶周一会有反抽。但趋势改变不了！A股今年算是不行了！重心会反弹创不","4","0","0","","2026-07-17 11:44:53",""
"sh000001","上证指数","1745287392","$上证指数(SH000001)$","生机有余地孙膑","$上证指数(SH000001)$","1","0","0","","2026-07-17 11:44:48",""
"sh000001","上证指数","1745287379","玩儿脱了吧","安详的王芝蔓","玩儿脱了吧","1","0","0","","2026-07-17 11:44:46",""
"sh000001","上证指数","1745287378","维持3700观点","求经求财","维持3700观点","1","0","0","","2026-07-17 11:44:46",""
"sh000001","上证指数","1745287285","形式不乐观，还是观望观望吧大家！目前还在车上下车了","宝哥抓牛","形式不乐观，还是观望观望吧大家！目前还在车上下车了","39","0","0","","2026-07-17 11:44:37",""
"sh000001","上证指数","1745287217","大跌见，大跌天天见","第11股东","大跌见，大跌天天见","1","0","0","","2026-07-17 11:44:30",""
"sh000001","上证指数","1745287137","上证指数跌穿并站稳3790点之下的话，将正式进入下跌通道","gzskyhe","上证指数跌穿并站稳3790点之下的话，将正式进入下跌通道","8","4","0","","2026-07-17 11:44:22",""
"sh000001","上证指数","1745287091","挣得钱全回去了，本金赔了1852，真服气了","炒股的厨子","挣得钱全回去了，本金赔了1852，真服气了","1","1","0","","2026-07-17 11:44:18",""
"sh000001","上证指数","1745287076","大跌3-5%","三牛牛牛牛","大跌3-5%","2","0","0","","2026-07-17 11:44:16",""
"sh000001","上证指数","1745287014","现在大多数股票，脱了一层又一层皮，散户已经无可奈何花落去了！","始终如一走下去","现在大多数股票，脱了一层又一层皮，散户已经无可奈何花落去了！","1","0","0","","2026-07-17 11:44:08",""
"sh000001","上证指数","1745286977","2026年7月17日A股暴跌深度复盘：恐慌踩踏已失控，再不果断救市，市场将陷入系统性崩盘","A股深度研究所","2026年7月17日A股暴跌深度复盘：恐慌踩踏已失控，再不果断救市，市场将陷入系统性崩盘","1","0","0","","2026-07-17 11:44:04",""
"sh000001","上证指数","1745286960","会破3千8吗","股友225109x16L","会破3千8吗","1","0","0","","2026-07-17 11:44:04",""
"sh000001","上证指数","1745286969","黄金分割算法3800稳不住，百分百去3471，不会错。","米其林认证炒韭菜","黄金分割算法3800稳不住，百分百去3471，不会错。","37","0","0","","2026-07-17 11:44:03",""
"sh000001","上证指数","1745286912","下降通道多看少动","尾盘复利之旅","下降通道多看少动","1","0","0","","2026-07-17 11:43:59",""
"sh000001","上证指数","1745286865","这是什么跌法","清仓销户了","这是什么跌法","6","1","0","","2026-07-17 11:43:55",""
"sh000001","上证指数","1745286857","现在哪里是牛市啊？比雄狮都雄狮啊。","偉偉股友","现在哪里是牛市啊？比雄狮都雄狮啊。","4","1","0","","2026-07-17 11:43:54",""
"sh000001","上证指数","1745286812","上海随便问、","股友975777i2W6","上海随便问、","21","0","0","","2026-07-17 11:43:50",""
"sh000001","上证指数","1745286802","是不是又要3000点保卫战了","闲钱价格低熬得住","是不是又要3000点保卫战了","1","0","0","","2026-07-17 11:43:49",""
"sh000001","上证指数","1745286794","累了倒下了不看了心累","泽宇00003","累了倒下了不看了心累","1","0","0","","2026-07-17 11:43:48",""
"sh000001","上证指数","1745286787","我只说一句话，年内3000点必破。","股市公牛","我只说一句话，年内3000点必破。","1","0","0","","2026-07-17 11:43:46",""
"sh000001","上证指数","1745286778","大家耐心点。别着急，信心要有。相信光。","只看向上的","大家耐心点。别着急，信心要有。相信光。","1","0","0","","2026-07-17 11:43:46",""
"sh000001","上证指数","1745286754","都干出来了","小石头了","都干出来了","1","0","0","","2026-07-17 11:43:44",""
"sh000001","上证指数","1745286733","下午突然拉起你们又得追","马丁未","下午突然拉起你们又得追","1","1","0","","2026-07-17 11:43:43",""
"sh000001","上证指数","1745286709","呼吁广大散户放亮眼睛，提高反诈意识，找准","万里紫色香飘来","呼吁广大散户放亮眼睛，提高反诈意识，找准","1","0","0","","2026-07-17 11:43:40",""
"sh000001","上证指数","1745286676","我输了","清仓销户了","我输了","1","0","0","","2026-07-17 11:43:36",""
"sh000001","上证指数","1745286580","拉银行套餐来了，其他全是A杀，不留缝的埋散户","财神零零發","拉银行套餐来了，其他全是A杀，不留缝的埋散户","4","0","0","","2026-07-17 11:43:27",""
"sh000001","上证指数","1745286524","清了！等叫救市时，我再来。","股友GqOyIa","清了！等叫救市时，我再来。","4","2","0","","2026-07-17 11:43:20",""
"sh000001","上证指数","1745286520","3300有个缺口，赶紧去吧","品正的富芝","3300有个缺口，赶紧去吧","1","0","0","","2026-07-17 11:43:20",""
"sh000001","上证指数","1745286515","下午有加速，三个点估计挡不住","基民qMk7yY","下午有加速，三个点估计挡不住","2","0","0","","2026-07-17 11:43:20",""
"sh000001","上证指数","1745286488","牛市结束了吧","股友ogB5MZ","牛市结束了吧","1","0","0","","2026-07-17 11:43:17",""
"sh000001","上证指数","1745286457","盘后都不发消息了，哈哈哈哈哈哈哈哈","股神202088","盘后都不发消息了，哈哈哈哈哈哈哈哈","1","0","0","","2026-07-17 11:43:14",""
"sh000001","上证指数","1745286432","下跌20%以上技术性熊市，我们这早就是一整个熊市了吧","平和宁静的朗月3","下跌20%以上技术性熊市，我们这早就是一整个熊市了吧","1","0","0","","2026-07-17 11:43:10",""
"sh000001","上证指数","1745286426","下周3700","宏图满斗地婉琳","下周3700","1","0","0","","2026-07-17 11:43:10",""
"sh000001","上证指数","1745286403","我…难受，","神奥联盟达克多","我…难受，","1","0","0","","2026-07-17 11:43:07",""
"sh000001","上证指数","1745286367","光明乳业。继续涨！","不太跌不买","光明乳业。继续涨！","4","0","0","","2026-07-17 11:43:04",""
"sh000001","上证指数","1745286279","好歌好曲","基民2GxdE7","好歌好曲","1","0","0","","2026-07-17 11:42:58",""
"sh000001","上证指数","1745286268","要A杀啦，跑吧","岁岁好运","要A杀啦，跑吧","3","0","0","","2026-07-17 11:42:57",""
"sh000001","上证指数","1745286261","所有散户清仓，让他们狗咬狗","姑苏尘外","所有散户清仓，让他们狗咬狗","3","0","0","","2026-07-17 11:42:56",""
"sh000001","上证指数","1745286189","跌到这个份上，利好气垫床厂家，有没有气垫床概念股。","自己看看时空","跌到这个份上，利好气垫床厂家，有没有气垫床概念股。","7","0","0","","2026-07-17 11:42:51",""
"sh000001","上证指数","1745286156","数码视讯目前是否可以建仓值得考虑不？","股海冲浪2015","数码视讯目前是否可以建仓值得考虑不？","2","0","0","","2026-07-17 11:42:48",""
"sh000001","上证指数","1745286130","半导体跌的好玩吗","股友DV2i2u","半导体跌的好玩吗","167","0","0","","2026-07-17 11:42:46",""
"sh000001","上证指数","1745286105","科技股涨几十倍了，科创板涨太多了，还有的跌，老登股早就回到2600点了，科创板止","西红柿小达人","科技股涨几十倍了，科创板涨太多了，还有的跌，老登股早就回到2600点了，科创板止","6","0","0","","2026-07-17 11:42:44",""
"sh000001","上证指数","1745286081","年内破3000！","小交易者","年内破3000！","5","0","0","","2026-07-17 11:42:43",""
"sh000001","上证指数","1745286075","还在幻想反弹呢，三个指数都背离了，最好就是空仓","二道桥炒货","还在幻想反弹呢，三个指数都背离了，最好就是空仓","4","0","0","","2026-07-17 11:42:42",""
"sh000001","上证指数","1745286054","姐友情告知菜鸟3650-3675才会止跌","无名xiao菜鸟","姐友情告知菜鸟3650-3675才会止跌","4","0","0","","2026-07-17 11:42:41",""
"sh000001","上证指数","1745286046","大概率棒子国下周一还是要跌的，美股盘前好不到哪去","宁德上1000","大概率棒子国下周一还是要跌的，美股盘前好不到哪去","5","0","0","","2026-07-17 11:42:41",""
"sh000001","上证指数","1745286045","感觉这几天应该有大的反转了吧，熬过了洗盘就是主升","股友8zR1518003","感觉这几天应该有大的反转了吧，熬过了洗盘就是主升","4","0","0","","2026-07-17 11:42:41",""
"sh000001","上证指数","1745286029","大A真是啊！","又见映山红","大A真是啊！","2","0","0","","2026-07-17 11:42:39",""
"sh000001","上证指数","1745286026","不出意外今天就能破3800","股市之玩尽杀绝","不出意外今天就能破3800","5","0","0","","2026-07-17 11:42:39",""
"sh000001","上证指数","1745285990","是出什么大事了吗？","量与价的故事","是出什么大事了吗？","1","0","0","","2026-07-17 11:42:36",""
"sh000001","上证指数","1745285953","$上证指数(SH000001)$","过油肉拌面","$上证指数(SH000001)$","14","0","0","","2026-07-17 11:42:31",""
"sh000001","上证指数","1745285950","盘后语我先预报一下：沪指失守3800点，全市超4000家下跌，电力板块逆市大涨","两江龍","盘后语我先预报一下：沪指失守3800点，全市超4000家下跌，电力板块逆市大涨","8","1","0","","2026-07-17 11:42:30",""
"sh000001","上证指数","1745285929","太痛苦了每天看着账户亏钱已经亏40个走也走不了","涨跌的快乐","太痛苦了每天看着账户亏钱已经亏40个走也走不了","8","1","0","","2026-07-17 11:42:28",""
"sh000001","上证指数","1745285922","$上证指数(SH000001)$","红彤彤好","$上证指数(SH000001)$","75","1","2","","2026-07-17 11:42:27",""
"sh000001","上证指数","1745285916","下午破3800的几率在不断加大","股友08599Y307n","下午破3800的几率在不断加大","3","0","0","","2026-07-17 11:42:26",""
"sh000001","上证指数","1745285914","真是纳闷儿了，是谁天天都在做空？到底是谁？","燃灯股圣","真是纳闷儿了，是谁天天都在做空？到底是谁？","5","1","0","","2026-07-17 11:42:26",""
"sh000001","上证指数","1745285833","熊市来了，真要命啊","包容之王逍遥","熊市来了，真要命啊","1","0","0","","2026-07-17 11:42:19",""
"sh000001","上证指数","1745285783","3806下午砸掉先看3750","买了就涨发发发","3806下午砸掉先看3750","6","3","0","","2026-07-17 11:42:14",""
"sh000001","上证指数","1745285780","今年持有卫星这么逆天","美丽的柏芝","今年持有卫星这么逆天","110","1","0","","2026-07-17 11:42:14",""
"sh000001","上证指数","1745285763","拉抱团科技就知道会有这么一天，哎","拔韭助长","拉抱团科技就知道会有这么一天，哎","2","0","0","","2026-07-17 11:42:13",""
"sh000001","上证指数","1745285747","等下周一跌完。","股友Q2HODB","等下周一跌完。","2","0","0","","2026-07-17 11:42:11",""
"sh000001","上证指数","1745285637","为什么还有人在抱有幻想，认为这就是一次调整，但我告诉你，这不是，资金出逃，表面上","我自证道999","为什么还有人在抱有幻想，认为这就是一次调整，但我告诉你，这不是，资金出逃，表面上","5","0","0","","2026-07-17 11:42:02",""
"sh000001","上证指数","1745285625","请问今天在哪儿开科技啊","清炖熊掌红烧牛肉","请问今天在哪儿开科技啊","1","0","0","","2026-07-17 11:42:00",""
"sh000001","上证指数","1745285602","两分一股，9块9包邮。","心态大肚佛","两分一股，9块9包邮。","1","0","0","","2026-07-17 11:41:58",""
"sh000001","上证指数","1745285599","哈哈哈，下午涨停","股友t8581703f5","哈哈哈，下午涨停","1","0","0","","2026-07-17 11:41:57",""
"sh000001","上证指数","1745285546","下午要反弹","马丁未","下午要反弹","14","4","0","","2026-07-17 11:41:53",""
"sh000001","上证指数","1745285511","你们的评论都能发，为啥我的不能？","市场忍者","你们的评论都能发，为啥我的不能？","1","0","0","","2026-07-17 11:41:50",""
"sh000001","上证指数","1745285492","陌陌","农村户口666","陌陌","4","1","0","","2026-07-17 11:41:48",""
"sh000001","上证指数","1745285456","这次大盘会一直杀到茅台为全市第一高价股股吗？","玩股挺简单","这次大盘会一直杀到茅台为全市第一高价股股吗？","4","0","0","","2026-07-17 11:41:45",""
"sh000001","上证指数","1745285453","如果今天破了3800的话，下一步就看3690左右能否支撑，再破就是3300左右了","moneycapital","如果今天破了3800的话，下一步就看3690左右能否支撑，再破就是3300左右了","1","1","0","","2026-07-17 11:41:45",""
"sh000001","上证指数","1745285444","挺住，明天就止跌了","脂茵拟态镁","挺住，明天就止跌了","4","1","0","","2026-07-17 11:41:44",""
"sh000001","上证指数","1745285441","破了3794，未来俩月就没得玩了，希望别破","楚三安","破了3794，未来俩月就没得玩了，希望别破","1","0","0","","2026-07-17 11:41:44",""
"sh000001","上证指数","1745285430","谁还在说牛市，3天跌去200点。","东财网友6943513615244974","谁还在说牛市，3天跌去200点。","1","0","0","","2026-07-17 11:41:42",""
"sh000001","上证指数","1745285428","下午加上上午的点就厉害了我A","大发满堂de林平之","下午加上上午的点就厉害了我A","1","0","0","","2026-07-17 11:41:42",""
"sh000001","上证指数","1745285422","破了3800，接下来就是一泻千里。","股友Q2HODB","破了3800，接下来就是一泻千里。","1","0","0","","2026-07-17 11:41:42",""
"sh000001","上证指数","1745285419","总攻命令已经下达，不可更改，下午13点15分发起总攻，第一目标4080点。","天边的焰火","总攻命令已经下达，不可更改，下午13点15分发起总攻，第一目标4080点。","4","0","0","","2026-07-17 11:41:41",""
"sh000001","上证指数","1745285401","今天上午千王之王收割了多少","波段T哥抵制量化","今天上午千王之王收割了多少","1","0","0","","2026-07-17 11:41:40",""
"sh000001","上证指数","1745285399","量化说它们一般都是低买高卖平抑股价的，就看量化了，散户躺尸了","荒野村夫","量化说它们一般都是低买高卖平抑股价的，就看量化了，散户躺尸了","1","0","0","","2026-07-17 11:41:40",""
"sh000001","上证指数","1745285398","沪市周线跌破60周均线，知道意味着什么吗？好日子没了。现在叫做五穷六绝七被套。翻","热闹爱看","沪市周线跌破60周均线，知道意味着什么吗？好日子没了。现在叫做五穷六绝七被套。翻","1","0","0","","2026-07-17 11:41:40",""
"sh000001","上证指数","1745285376","生活上节衣缩食省吃俭用，股市里挥金如土狂撒热","羊女2017","生活上节衣缩食省吃俭用，股市里挥金如土狂撒热","5","0","0","","2026-07-17 11:41:38",""
"sh000001","上证指数","1745285347","兄弟们，战况如何，这个月没亏多少，在一个点就能翻红了","只做可转","兄弟们，战况如何，这个月没亏多少，在一个点就能翻红了","109","1","0","","2026-07-17 11:41:35",""
"sh000001","上证指数","1745285346","今天探底回升的震荡磨人走势，除了少数高位纤，今天是机会而飞风险","股友831236dT18","今天探底回升的震荡磨人走势，除了少数高位纤，今天是机会而飞风险","1","0","0","","2026-07-17 11:41:34",""
"sh000001","上证指数","1745285303","每天流出千亿，万亿钱都去哪里了呢？","股友0V52230M85","每天流出千亿，万亿钱都去哪里了呢？","1","1","0","","2026-07-17 11:41:30",""
"sh000001","上证指数","1745285291","亏多了，快多发新股让我发财","LHD黑","亏多了，快多发新股让我发财","1","0","0","","2026-07-17 11:41:30",""
"sh000001","上证指数","1745285286","今天这样大跌暴跌是什么意思呢？是谁发起的呢？","是个名就好吧","今天这样大跌暴跌是什么意思呢？是谁发起的呢？","1","0","0","","2026-07-17 11:41:29",""
"sh000001","上证指数","1745285283","清仓清仓等几年的反弹几天给干完了不能玩买美股娶","基民fTWovC","清仓清仓等几年的反弹几天给干完了不能玩买美股娶","2","0","0","","2026-07-17 11:41:29",""
"sh000001","上证指数","1745285212","祝祖国","股友C963509t69","祝祖国","1","0","0","","2026-07-17 11:41:23",""
"sh000001","上证指数","1745285188","凉凉吗","是表哥嘛","凉凉吗","124","0","0","","2026-07-17 11:41:19",""
"sh000001","上证指数","1745285165","爱吃闷子板面！味真足！","最好的可达同志","爱吃闷子板面！味真足！","1","0","0","","2026-07-17 11:41:19",""
"sh000001","上证指数","1745285106","转发","秋天的风格","转发","1","0","0","","2026-07-17 11:41:13",""
"sh000001","上证指数","1745285105","事实再一次告诉我们，年线，半年线，多少分钟线从来就不是安全线，都是股评家给大家画","会飞的圆澳龟","事实再一次告诉我们，年线，半年线，多少分钟线从来就不是安全线，都是股评家给大家画","7","1","0","","2026-07-17 11:41:13",""
"sh000001","上证指数","1745285088","大盘新股的发行导致弱不禁风的股市再度大幅下跌。","股友NlsXKg","大盘新股的发行导致弱不禁风的股市再度大幅下跌。","1","0","0","","2026-07-17 11:41:11",""
"sh000001","上证指数","1745285049","股市波动加仓的好机会你应该为你能买到打折的股票而感到高兴","股友5908H353R2","股市波动加仓的好机会你应该为你能买到打折的股票而感到高兴","1","0","0","","2026-07-17 11:41:08",""
"sh000001","上证指数","1745285025","猪里也是拿大家没办法了，怎么拉大家都不跟，现在怎么跌你们大家都不割","阿狸会努力变强","猪里也是拿大家没办法了，怎么拉大家都不跟，现在怎么跌你们大家都不割","14","2","1","","2026-07-17 11:41:06",""
"sh000001","上证指数","1745285022","抄反弹，抄反弹","增值赢家","抄反弹，抄反弹","263","1","0","","2026-07-17 11:41:05",""
"sh000001","上证指数","1745284990","怎么不继续抱团，各种蕊，光，iA，存储，布等不香了，风停了，跑的一个比一个快。","憨态可掬的柯卉沐","怎么不继续抱团，各种蕊，光，iA，存储，布等不香了，风停了，跑的一个比一个快。","3","0","0","","2026-07-17 11:41:02",""
"sh000001","上证指数","1745284986","要就直接跌破3800，别拉银行了","快枯的韭菜","要就直接跌破3800，别拉银行了","1","0","0","","2026-07-17 11:41:00",""
"sh000001","上证指数","1745284971","回到一年前，一年白玩还倒贴","才望成金得财神到","回到一年前，一年白玩还倒贴","1","0","0","","2026-07-17 11:41:00",""
"sh000001","上证指数","1745284917","下午还会-2吗？我就是问问","zgr0731","下午还会-2吗？我就是问问","1","0","0","","2026-07-17 11:40:54",""
"sh000001","上证指数","1745284904","已经回不了本了","股友bpryaH","已经回不了本了","1","0","0","","2026-07-17 11:40:53",""
"sh000001","上证指数","1745284890","今天上证估计还是跌2个点，星期一会不会继续大跌？","A股强者","今天上证估计还是跌2个点，星期一会不会继续大跌？","1","0","0","","2026-07-17 11:40:52",""
"sh000001","上证指数","1745284856","A就抄不得底，你抄底，他就抄你的家","无所谓2015","A就抄不得底，你抄底，他就抄你的家","1","0","0","","2026-07-17 11:40:48",""
"sh000001","上证指数","1745284851","调就是正常的现象，不要太担心，保持好心态，慢慢的等待止跌，1/3等待机会的到来。","静谧悠然的衢州","调就是正常的现象，不要太担心，保持好心态，慢慢的等待止跌，1/3等待机会的到来。","2","0","0","","2026-07-17 11:40:48",""
"sh000001","上证指数","1745284842","科技涨的时候4千家跌，科技跌的时候也是4千家下跌，我真的是服了，把人当什么了啊，","软件不是科技吗","科技涨的时候4千家跌，科技跌的时候也是4千家下跌，我真的是服了，把人当什么了啊，","1","0","0","","2026-07-17 11:40:46",""
"sh000001","上证指数","1745284836","牛市是这样的吗","双子座爱吃零食","牛市是这样的吗","2","0","2","","2026-07-17 11:40:46",""
"sh000001","上证指数","1745284803","抄底的不少啊","戒了八","抄底的不少啊","1","0","0","","2026-07-17 11:40:44",""
"sh000001","上证指数","1745284727","量化创造了市场波动，用波动杀投资者","左侧价值情绪","量化创造了市场波动，用波动杀投资者","1","0","0","","2026-07-17 11:40:37",""
"sh000001","上证指数","1745284725","预测明天大A的表现，正常情况低开震荡后反弹到3950附近，明天大家心里准备吧（昨","ycx37888","预测明天大A的表现，正常情况低开震荡后反弹到3950附近，明天大家心里准备吧（昨","13","2","0","","2026-07-17 11:40:37",""
"sh000001","上证指数","1745284708","感觉股市都见顶了，没有赚钱效应，坚决不买股票。","Oo野鱼oO","感觉股市都见顶了，没有赚钱效应，坚决不买股票。","4","0","0","","2026-07-17 11:40:34",""
"sh000001","上证指数","1745284667","中午11：30，两市成交比昨的同时间放量1200亿，有抄底资金进场","华山观弈剑","中午11：30，两市成交比昨的同时间放量1200亿，有抄底资金进场","1","0","0","","2026-07-17 11:40:32",""
"sh000001","上证指数","1745284666","金螳螂：奔着2.94去的，跌到2.94，做空主力获利50%，耐心蹲底，跌到2.94闭眼梭哈……哈哈……个人记录","十也稣燎板","金螳螂：奔着2.94去的，跌到2.94，做空主力获利50%，耐心蹲底，跌到2.94闭眼梭哈……哈哈……个人记录","111","3","0","","2026-07-17 11:40:32",""
"sh000001","上证指数","1745284664","3800实际3000","摸摸摸摸模","3800实际3000","1","0","0","","2026-07-17 11:40:32",""
"sh000001","上证指数","1745284620","高位股刚刚开始下跌，3300止跌","魑魅魍魉8888","高位股刚刚开始下跌，3300止跌","1","0","0","","2026-07-17 11:40:29",""
"sh000001","上证指数","1745284573","$上证指数(SH000001)$","股友51Z6893K53","$上证指数(SH000001)$","5","2","0","","2026-07-17 11:40:25",""
"sh000001","上证指数","1745284502","破3800反弹开始","心电分析","破3800反弹开始","3","1","0","","2026-07-17 11:40:20",""
"sh000001","上证指数","1745284451","季度线的见顶信号","雨霖淼","季度线的见顶信号","12","0","0","","2026-07-17 11:40:17",""
"sh000001","上证指数","1745284392","芯片半导体被如此深度杀跌，导火索及根源是机构大基金的套现抽空，","默契收钱","芯片半导体被如此深度杀跌，导火索及根源是机构大基金的套现抽空，","1","0","0","","2026-07-17 11:40:12",""
"sh000001","上证指数","1745284321","说真的没有那些分析师直播间，在那说抄这个抄那个，根本不会乱成这样。好好价值投资，","股友663C508w88","说真的没有那些分析师直播间，在那说抄这个抄那个，根本不会乱成这样。好好价值投资，","5","1","0","","2026-07-17 11:40:06",""
"sh000001","上证指数","1745284314","主力资金大获丰收，小散泪流满面！教训教训！","心静福至de夏雪宜","主力资金大获丰收，小散泪流满面！教训教训！","1","0","0","","2026-07-17 11:40:06",""
"sh000001","上证指数","1745284306","4.3日线破掉后，下来就看3.23.....去年12.16.日...9.23日.","股友279i72c813","4.3日线破掉后，下来就看3.23.....去年12.16.日...9.23日.","3","0","0","","2026-07-17 11:40:05",""
"sh000001","上证指数","1745284270","慢牛，外资都看好A股","东方红盟主","慢牛，外资都看好A股","1","0","0","","2026-07-17 11:40:01",""
"sh000001","上证指数","1745284261","不要留恋了，能止损的兄弟止损吧，能减仓的减仓。老美的科技不起来，我们这边不会起来","打金街打金的二郎神","不要留恋了，能止损的兄弟止损吧，能减仓的减仓。老美的科技不起来，我们这边不会起来","1","0","0","","2026-07-17 11:40:00",""
"sh000001","上证指数","1745284240","今天棒子没开盘，周一跟棒子继续跌。","伊朗韭菜快回本","今天棒子没开盘，周一跟棒子继续跌。","1","0","0","","2026-07-17 11:39:57",""
"sh000001","上证指数","1745284219","早上开盘是不是还抱有幻想？反弹一下跑，老太太下楼梯，越来越低！","零七007","早上开盘是不是还抱有幻想？反弹一下跑，老太太下楼梯，越来越低！","5","0","0","","2026-07-17 11:39:55",""
"sh000001","上证指数","1745284208","一起股指期货做空绝对能翻身","股友7Y526k2817","一起股指期货做空绝对能翻身","1","0","0","","2026-07-17 11:39:54",""
"sh000001","上证指数","1745284182","站在光里","股友K5qCbI2023","站在光里","1","0","0","","2026-07-17 11:39:53",""
"sh000001","上证指数","1745284160","耐心一点，大概率能到3732。同志们注意隐蔽，躺下。","股友D683m80837","耐心一点，大概率能到3732。同志们注意隐蔽，躺下。","6","1","0","","2026-07-17 11:39:52",""
"sh000001","上证指数","1745284118","涨的时候不断限制。a下来的时候一点作为都没有","强者恒强Yes","涨的时候不断限制。a下来的时候一点作为都没有","2","0","0","","2026-07-17 11:39:48",""
"sh000001","上证指数","1745284103","绝不消费了，看你死到底","入空聚落","绝不消费了，看你死到底","1","0","0","","2026-07-17 11:39:46",""
"sh000001","上证指数","1745284053","看看我这小小手，够不够大手和高手的一顿晚餐。自己还拼命挣扎。","赌就别怕输","看看我这小小手，够不够大手和高手的一顿晚餐。自己还拼命挣扎。","260","1","0","","2026-07-17 11:39:42",""
"sh000001","上证指数","1745283988","请问有哪些人跟我一样是借钱炒股，并且是亏钱的，而且还亏了很多。","股友A51211v390","请问有哪些人跟我一样是借钱炒股，并且是亏钱的，而且还亏了很多。","29","5","0","","2026-07-17 11:39:35",""
"sh000001","上证指数","1745283986","股市是一个国家的经济晴雨表","爱人不如情人","股市是一个国家的经济晴雨表","9","1","0","","2026-07-17 11:39:35",""
"sh000001","上证指数","1745283969","今天最后一跌，下周一反弹","c9428281434011889","今天最后一跌，下周一反弹","57","8","0","","2026-07-17 11:39:34",""
"sh000001","上证指数","1745283937","下午。3700","涨停绵绵","下午。3700","1","0","0","","2026-07-17 11:39:30",""
"sh000001","上证指数","1745283913","谁在做空航天","标致的蔡昆","谁在做空航天","5","0","0","","2026-07-17 11:39:28",""
"sh000001","上证指数","1745283878","其实今天有一个很大的问题，就是韩指不开盘，如果他们开盘，咱们可能会是最后一跌，而","专杀翘嘴","其实今天有一个很大的问题，就是韩指不开盘，如果他们开盘，咱们可能会是最后一跌，而","7","0","0","","2026-07-17 11:39:24",""
"sh000001","上证指数","1745283875","现在是妥妥的双攻，涨多少跌多少","老陕股民","现在是妥妥的双攻，涨多少跌多少","2","0","0","","2026-07-17 11:39:24",""
"sh000001","上证指数","1745283864","大盘周线级别调整开始了","漫步人生88888","大盘周线级别调整开始了","1","0","0","","2026-07-17 11:39:23",""
"sh000001","上证指数","1745283776","最近几天涨得好的反倒不怎么跌，就商业航天和科技跌的惨连续大跌","股友A9195p8998","最近几天涨得好的反倒不怎么跌，就商业航天和科技跌的惨连续大跌","2","0","0","","2026-07-17 11:39:15",""
"sh000001","上证指数","1745283718","一路下行，头都不带回的","股友0D0V850707","一路下行，头都不带回的","5","0","0","","2026-07-17 11:39:10",""
"sh000001","上证指数","1745283703","有机会可以狙击3794下方","容嘉玲","有机会可以狙击3794下方","4","0","0","","2026-07-17 11:39:08",""
"sh000001","上证指数","1745283689","已转熊","SavitarX","已转熊","16","1","0","","2026-07-17 11:39:07",""
"sh000001","上证指数","1745283655","看来要破3800了","注水牛排","看来要破3800了","4","0","0","","2026-07-17 11:39:03",""
"sh000001","上证指数","1745283611","我结合你的观点，写一篇通俗、有深度、适合朋友圈/公众号/个人感悟的议论文，主题就","股友1E158a7615","我结合你的观点，写一篇通俗、有深度、适合朋友圈/公众号/个人感悟的议论文，主题就","64","1","1","","2026-07-17 11:38:58",""
"sh000001","上证指数","1745283583","都跌回3700了","时光易逝繁华落尽","都跌回3700了","3","0","0","","2026-07-17 11:38:57",""
"sh000001","上证指数","1745283542","破掉3794，然后来一个小反弹。","长线的饕餮","破掉3794，然后来一个小反弹。","1","0","0","","2026-07-17 11:38:54",""
"sh000001","上证指数","1745283535","这个月跌了14万了，请问怎么办，都是本金，一年都赚不到14万，怎么办，还有救吗，","买什么涨什么1992","这个月跌了14万了，请问怎么办，都是本金，一年都赚不到14万，怎么办，还有救吗，","2","0","0","","2026-07-17 11:38:53",""
"sh000001","上证指数","1745283515","散户还想赚钱，梦里啥都有","远山呼唤我","散户还想赚钱，梦里啥都有","5","0","0","","2026-07-17 11:38:52",""
"sh000001","上证指数","1745283514","大哥，下周能红三天吗","渡劫成功99","大哥，下周能红三天吗","1","0","0","","2026-07-17 11:38:52",""
"sh000001","上证指数","1745283468","听说是大牛市，但过了大半年，年度收益是负的？","股友W21251022x","听说是大牛市，但过了大半年，年度收益是负的？","1","0","0","","2026-07-17 11:38:48",""
"sh000001","上证指数","1745283453","截至午盘，大盘放量下跌，机构出逃资金达854亿元......","ABCDEFGHLJK","截至午盘，大盘放量下跌，机构出逃资金达854亿元......","2","0","0","","2026-07-17 11:38:46",""
"sh000001","上证指数","1745283437","没人能管了吗能这样跌下去","股友688975FV59","没人能管了吗能这样跌下去","8","1","0","","2026-07-17 11:38:43",""
"sh000001","上证指数","1745283426","今天大概率会涨到3800以下","股友90U928d189","今天大概率会涨到3800以下","1","0","0","","2026-07-17 11:38:43",""
"sh000001","上证指数","1745283422","原形毕露","坚定的欧阳莉萍","原形毕露","2","0","0","","2026-07-17 11:38:42",""
"sh000001","上证指数","1745283384","把大量的气垫床准备好","两江龍","把大量的气垫床准备好","1","0","0","","2026-07-17 11:38:40",""
"sh000001","上证指数","1745283387","有没有本周把今年利润若不亏光，还倒亏的","十倍哑铃做多家务","有没有本周把今年利润若不亏光，还倒亏的","1","0","0","","2026-07-17 11:38:39",""
"sh000001","上证指数","1745283333","远离股市，痛也要割","舒适的梅兰芳","远离股市，痛也要割","3","0","0","","2026-07-17 11:38:35",""
"sh000001","上证指数","1745283184","美股晚上看样子又是扑街，周一继续","耐心章汶钰","美股晚上看样子又是扑街，周一继续","3","0","0","","2026-07-17 11:38:24",""
"sh000001","上证指数","1745283146","跌成","股友52Q512o692","跌成","1","0","0","","2026-07-17 11:38:23",""
"sh000001","上证指数","1745283084","都不玩了，看你一个人做空吧","天天股票大涨","都不玩了，看你一个人做空吧","1","0","0","","2026-07-17 11:38:19",""
"sh000001","上证指数","1745283050","“明盘”与“暗盘”","廿五郎","“明盘”与“暗盘”","175","0","0","","2026-07-17 11:38:17",""
"sh000001","上证指数","1745283014","熊市来了，要崩盘了，销户吧，及时止损","股友1983286em0","熊市来了，要崩盘了，销户吧，及时止损","1","0","0","","2026-07-17 11:38:15",""
"sh000001","上证指数","1745282999","操50多个没了","收购点汉武帝8080","操50多个没了","1","0","0","","2026-07-17 11:38:14",""
"sh000001","上证指数","1745282984","情绪搞坏了！","股友IdtBWQ","情绪搞坏了！","1","0","0","","2026-07-17 11:38:13",""
"sh000001","上证指数","1745282952","明年6月份，破2100","土乖","明年6月份，破2100","2","0","0","","2026-07-17 11:38:12",""
"sh000001","上证指数","1745282831","开盘红几个点以为走独立行情，中午收盘一看我去绿了几个点了。","股友9y085261e0","开盘红几个点以为走独立行情，中午收盘一看我去绿了几个点了。","3","0","0","","2026-07-17 11:38:04",""
"sh000001","上证指数","1745282813","看来今天科技抄底的很多啊","真诚的洪琦","看来今天科技抄底的很多啊","4","0","0","","2026-07-17 11:38:03",""
"sh000001","上证指数","1745282782","关键点位时间怀有政治目的砸盘是有为之严查重判","小小水花","关键点位时间怀有政治目的砸盘是有为之严查重判","4","0","0","","2026-07-17 11:38:01",""
"sh000001","上证指数","1745282781","牛市真是吹出来的！各种小傻拿着辛苦挣来的钱，在这里面狂洒，太可怜了","神龙剑客","牛市真是吹出来的！各种小傻拿着辛苦挣来的钱，在这里面狂洒，太可怜了","1","0","0","","2026-07-17 11:38:01",""
"sh000001","上证指数","1745282754","买房被套。追黄金被套。买你还是被套？还消费消费，消个毛线。","股友y9Esvv","买房被套。追黄金被套。买你还是被套？还消费消费，消个毛线。","6","0","0","","2026-07-17 11:38:00",""
"sh000001","上证指数","1745282703","三天上不去年线，熊来F！","有益的聊绮怀","三天上不去年线，熊来F！","3","0","0","","2026-07-17 11:37:57",""
"sh000001","上证指数","1745282676","吃肉没我挨打没错过","晶荣肖菲着","吃肉没我挨打没错过","2","0","0","","2026-07-17 11:37:55",""
"sh000001","上证指数","1745282618","主力又会在下午向下杀一波。","好及了吧8766","主力又会在下午向下杀一波。","3","0","0","","2026-07-17 11:37:51",""
"sh000001","上证指数","1745282575","才开始跌，反弹就要减仓，涨的只要涨不动就卖！","期股双红","才开始跌，反弹就要减仓，涨的只要涨不动就卖！","5","0","1","","2026-07-17 11:37:49",""
"sh000001","上证指数","1745282570","你抄底，别人抄你家","舍得与否0946","你抄底，别人抄你家","1","0","0","","2026-07-17 11:37:48",""
"sh000001","上证指数","1745282544","管住手，别抄底，我空仓连续三次抄底都抄在半山腰，加大亏损而已。","知行合一路长虹","管住手，别抄底，我空仓连续三次抄底都抄在半山腰，加大亏损而已。","6","0","0","","2026-07-17 11:37:46",""
"sh000001","上证指数","1745282533","永远的3000点没悬念","涨姿式4106","永远的3000点没悬念","4","0","0","","2026-07-17 11:37:46",""
"sh000001","上证指数","1745282532","挤出数据里的水分","熟悉的套路","挤出数据里的水分","2","0","0","","2026-07-17 11:37:45",""
"sh000001","上证指数","1745282528","好像战争在此，原来量化发生，299笔每秒。哈哈。","心静如水红双喜","好像战争在此，原来量化发生，299笔每秒。哈哈。","2","0","0","","2026-07-17 11:37:45",""
"sh000001","上证指数","1745282507","下午决定给投资者信心的关键时刻。","股友32068ZQ928","下午决定给投资者信心的关键时刻。","4","0","0","","2026-07-17 11:37:44",""
"sh000001","上证指数","1745282492","合理估值就在三千五左右！从现在起每一次反弹都是跑路的机会！不相信看看月线吧！","股友M7kXLG","合理估值就在三千五左右！从现在起每一次反弹都是跑路的机会！不相信看看月线吧！","2","0","0","","2026-07-17 11:37:43",""
"sh000001","上证指数","1745282467","问问他们喊长线投资的脸还在不在","A不亏是遥遥领先","问问他们喊长线投资的脸还在不在","1","0","0","","2026-07-17 11:37:41",""
"sh000001","上证指数","1745282441","3600点抢反弹，很快，一月之内到达。","我来就涨999","3600点抢反弹，很快，一月之内到达。","1","0","0","","2026-07-17 11:37:40",""
"sh000001","上证指数","1745282432","快去请如来。","新手上路各位且让","快去请如来。","1","0","0","","2026-07-17 11:37:39",""
"sh000001","上证指数","1745282399","……","足智暴富的子牙","……","2","0","0","","2026-07-17 11:37:37",""
"sh000001","上证指数","1745282315","这一轮感觉把主力挂科技里，以往主力没被挂应该低位的早拉起还可以掩护科技慢慢出货，","Wuzonliang","这一轮感觉把主力挂科技里，以往主力没被挂应该低位的早拉起还可以掩护科技慢慢出货，","18","1","0","","2026-07-17 11:37:30",""
"sh000001","上证指数","1745282291","马上到3000","机灵俏皮的秦皓轩","马上到3000","6","2","0","","2026-07-17 11:37:28",""
"sh000001","上证指数","1745282263","几百个跌停，基民放量割肉","股友svDwbq","几百个跌停，基民放量割肉","2","0","0","","2026-07-17 11:37:25",""
"sh000001","上证指数","1745282263","几百个跌停，基民放量割肉","股友svDwbq","几百个跌停，基民放量割肉","2","0","0","","2026-07-17 11:37:25",""
"sh000001","上证指数","1745282237","好刺激，再砸一点我要全仓梭哈，抄大A的底！！拳头拳头","仓又嘉措1985","好刺激，再砸一点我要全仓梭哈，抄大A的底！！拳头拳头","2","0","0","","2026-07-17 11:37:22",""
"sh000001","上证指数","1745282213","月初满仓了科技怎么办","艰深的从静竹","月初满仓了科技怎么办","1","0","0","","2026-07-17 11:37:20",""
"sh000001","上证指数","1745282181","散户家人们倒是来抄底啊，这振幅多大随便一个就吃5个点以上，捡钱哈","獭兔瓦缸","散户家人们倒是来抄底啊，这振幅多大随便一个就吃5个点以上，捡钱哈","1","0","0","","2026-07-17 11:37:17",""
"sh000001","上证指数","1745282178","下周就能见到3740","宏图满斗地婉琳","下周就能见到3740","2","0","0","","2026-07-17 11:37:17",""
"sh000001","上证指数","1745282177","不敢看上证月k，感觉还要往下杀","上帝五神鞭","不敢看上证月k，感觉还要往下杀","12","2","0","","2026-07-17 11:37:17",""
"sh000001","上证指数","1745282173","牛市根本就没有来过","单行道0808","牛市根本就没有来过","1","0","0","","2026-07-17 11:37:16",""
"sh000001","上证指数","1745282127","3500，我抄底买入5个亿，赚了离场，销户","古月方烬","3500，我抄底买入5个亿，赚了离场，销户","5","0","0","","2026-07-17 11:37:13",""
"sh000001","上证指数","1745282121","可能跌到3300左右吧","吉普赛人thp","可能跌到3300左右吧","2","0","0","","2026-07-17 11:37:13",""
"sh000001","上证指数","1745282089","应该让大股东贷款买股票了吧","冷血红魔","应该让大股东贷款买股票了吧","2","0","0","","2026-07-17 11:37:11",""
"sh000001","上证指数","1745282072","好刺激，再砸一点我要全仓梭哈，抄大A的底！！","仓又嘉措1985","好刺激，再砸一点我要全仓梭哈，抄大A的底！！","4","0","0","","2026-07-17 11:37:10",""
"sh000001","上证指数","1745282024","空仓吧","机灵俏皮的秦皓轩","空仓吧","1","0","0","","2026-07-17 11:37:05",""
"sh000001","上证指数","1745282023","指数大跌。全部跑到光明乳业去了。因为指数大涨的时候光明乳业是往下跌的！现在光明乳","不太跌不买","指数大跌。全部跑到光明乳业去了。因为指数大涨的时候光明乳业是往下跌的！现在光明乳","6","0","0","","2026-07-17 11:37:05",""
"sh000001","上证指数","1745282022","现在已是熊出现了","跟着大资金吃肉","现在已是熊出现了","3","0","0","","2026-07-17 11:37:05",""
"sh000001","上证指数","1745281931","哎呀，要涨肯定是有信号的，挂机，干饭，反正股市天天开","十八般武艺","哎呀，要涨肯定是有信号的，挂机，干饭，反正股市天天开","3","0","0","","2026-07-17 11:36:57",""
"sh000001","上证指数","1745281915","老乡别走，这是技术调整","星星祥荣","老乡别走，这是技术调整","1","0","0","","2026-07-17 11:36:57",""
"sh000001","上证指数","1745281902","每天跌100个指数点，一星期就能三千了","智者不入a股","每天跌100个指数点，一星期就能三千了","1","0","0","","2026-07-17 11:36:55",""
"sh000001","上证指数","1745281894","我预判了你的预判……","卡拉永远OKO","我预判了你的预判……","1","0","0","","2026-07-17 11:36:54",""
"sh000001","上证指数","1745281841","走入熊市了","细致的罗锦鹏","走入熊市了","1","0","0","","2026-07-17 11:36:50",""
"sh000001","上证指数","1745281817","销户是最好的选择，以前只要你拿着不动就会涨回来，现在你拿着不动能让你倾家荡产。真","清风的温缊","销户是最好的选择，以前只要你拿着不动就会涨回来，现在你拿着不动能让你倾家荡产。真","26","1","0","","2026-07-17 11:36:48",""
"sh000001","上证指数","1745281793","不破不立，余钱玩玩！","小冬瓜2024","不破不立，余钱玩玩！","3","0","0","","2026-07-17 11:36:46",""
"sh000001","上证指数","1745281774","大盘已经跌出新高度了！如果真的有格局，大盘早应该是5000点6000点了，所以这","勇敢无畏的侠客行","大盘已经跌出新高度了！如果真的有格局，大盘早应该是5000点6000点了，所以这","3","0","0","","2026-07-17 11:36:45",""
"sh000001","上证指数","1745281650","牛市到了什么阶段了呀？","为爱炒股666","牛市到了什么阶段了呀？","111","10","0","","2026-07-17 11:36:35",""
"sh000001","上证指数","1745281609","3794也撑不住了，","上帝五神鞭","3794也撑不住了，","3","0","0","","2026-07-17 11:36:32",""
"sh000001","上证指数","1745281606","中国股市今日（7月17日）主要指数集体调整，上证指数跌1.09%，深证成指跌2.","牛头人法师","中国股市今日（7月17日）主要指数集体调整，上证指数跌1.09%，深证成指跌2.","13","0","0","","2026-07-17 11:36:32",""
"sh000001","上证指数","1745281570","上月底本金35万，到现在不见了15万","曼妙的乜璟","上月底本金35万，到现在不见了15万","21","2","0","","2026-07-17 11:36:29",""
"sh000001","上证指数","1745281556","要不要所有股民都抛了主力才能满意？","所向的元芝","要不要所有股民都抛了主力才能满意？","5","0","0","","2026-07-17 11:36:28",""
"sh000001","上证指数","1745281531","今天医药也被闷杀，不装了，散去哪里我就闷哪里，我就喜欢吃独食。","股友y1c0899708","今天医药也被闷杀，不装了，散去哪里我就闷哪里，我就喜欢吃独食。","14","2","0","","2026-07-17 11:36:25",""
"sh000001","上证指数","1745281519","熊市再便宜都不敢买，越不买越跌，越跌越熊，就这样慢慢熊市形成。","道宗杂役弟子","熊市再便宜都不敢买，越不买越跌，越跌越熊，就这样慢慢熊市形成。","1","0","0","","2026-07-17 11:36:24",""
"sh000001","上证指数","1745281460","还在加速中，千万别接飞刀","炒股貔貅","还在加速中，千万别接飞刀","3","0","0","","2026-07-17 11:36:22",""
"sh000001","上证指数","1745281454","服了，只走一个趋势","TopAlevel","服了，只走一个趋势","1","0","0","","2026-07-17 11:36:21",""
"sh000001","上证指数","1745281449","说啥呢？，无语，股民苦啊","股友4tsejV","说啥呢？，无语，股民苦啊","1","0","0","","2026-07-17 11:36:21",""
"sh000001","上证指数","1745281444","这个世界","努力的司马淳美","这个世界","3","0","0","","2026-07-17 11:36:20",""
"sh000001","上证指数","1745281441","3800！！！！","上升趋势不看空","3800！！！！","2","0","0","","2026-07-17 11:36:20",""
"sh000001","上证指数","1745281425","$上证指数(SH000001)$","尘心的凡尘","$上证指数(SH000001)$","10","0","0","","2026-07-17 11:36:19",""
"sh000001","上证指数","1745281394","下午一点开始砸到3794","春天的太阳来了","下午一点开始砸到3794","2","0","0","","2026-07-17 11:36:16",""
"sh000001","上证指数","1745281390","散户这么儍的，能跟人工智能斗吗，","土乖","散户这么儍的，能跟人工智能斗吗，","2","0","0","","2026-07-17 11:36:16",""
"sh000001","上证指数","1745281384","大家别慌，还在牛背上哈哈哈哈哈哈","基民LWrrT5","大家别慌，还在牛背上哈哈哈哈哈哈","4","0","0","","2026-07-17 11:36:16",""
"sh000001","上证指数","1745281342","今天很多评论都不能发表","股友527lk98087","今天很多评论都不能发表","64","4","0","","2026-07-17 11:36:13",""
"sh000001","上证指数","1745281322","彻底退出，不再碰，不会再休息你们","股友Cb2gQd","彻底退出，不再碰，不会再休息你们","9","1","0","","2026-07-17 11:36:11",""
"sh000001","上证指数","1745281319","二十年的积蓄全没了哎","我会放手一搏","二十年的积蓄全没了哎","1","0","0","","2026-07-17 11:36:11",""
"sh000001","上证指数","1745281305","鼓在了朋友们，不要指望反弹，抢反弹","八方成金得苗若兰","鼓在了朋友们，不要指望反弹，抢反弹","4","0","0","","2026-07-17 11:36:10",""
"sh000001","上证指数","1745281297","跌到3040就是双底了，我们到那时候抢反弹。","草原红太阳","跌到3040就是双底了，我们到那时候抢反弹。","2","0","0","","2026-07-17 11:36:09",""
"sh000001","上证指数","1745281288","要信早信。不信的话盘中在怎么去演也都是套路。这种打一巴掌然后摸一下说你还好吗？一","横扫三千万","要信早信。不信的话盘中在怎么去演也都是套路。这种打一巴掌然后摸一下说你还好吗？一","5","0","0","","2026-07-17 11:36:08",""
"sh000001","上证指数","1745281268","几大老登维持家业","市值振翅高飞","几大老登维持家业","5","0","0","","2026-07-17 11:36:07",""
"sh000001","上证指数","1745281262","快请如来佛祖","别急等待是漫长的","快请如来佛祖","2","0","0","","2026-07-17 11:36:06",""
"sh000001","上证指数","1745281253","：割不完，根本割不完散户：抄底，补仓再补仓，根本补不到底","a股脊梁是散户","：割不完，根本割不完散户：抄底，补仓再补仓，根本补不到底","2","0","0","","2026-07-17 11:36:05",""
"sh000001","上证指数","1745281221","创业板盘中跌至3487.99，大幅跌破技术性熊市临界线3504的点位。","学习就是在学习","创业板盘中跌至3487.99，大幅跌破技术性熊市临界线3504的点位。","3","0","0","","2026-07-17 11:36:04",""
"sh000001","上证指数","1745281204","《中国AI免费开源就是为了让美国Al无法赚全世界的钱。》美国买再多英伟达卡有意义吗？","幸福是欲望的停止","《中国AI免费开源就是为了让美国Al无法赚全世界的钱。》美国买再多英伟达卡有意义吗？","111","1","0","","2026-07-17 11:36:02",""
"sh000001","上证指数","1745281201","今天来跟大家道个别！毕竟今天清仓了！要销户了！真的亏不起了！","小蟲過河","今天来跟大家道个别！毕竟今天清仓了！要销户了！真的亏不起了！","9","1","0","","2026-07-17 11:36:02",""
"sh000001","上证指数","1745281205","老登肥美，小登杀跌，物极必反，否极泰来","股友a739609k21","老登肥美，小登杀跌，物极必反，否极泰来","4","0","0","","2026-07-17 11:36:01",""
"sh000001","上证指数","1745281184","20260717~卧龙午盘小憩 -卧龙能判断的都到位了？","卧龙说股到金","20260717~卧龙午盘小憩 -卧龙能判断的都到位了？","209","2","0","","2026-07-17 11:36:01",""
"sh000001","上证指数","1745281151","以前觉得炒股顶多影响心情，我现在发现可能还有点影响寿命","牛哥866","以前觉得炒股顶多影响心情，我现在发现可能还有点影响寿命","25","4","0","","2026-07-17 11:35:58",""
"sh000001","上证指数","1745281133","还差1000点就正常了","大灰囊","还差1000点就正常了","3","0","0","","2026-07-17 11:35:56",""
"sh000001","上证指数","1745281125","昨天跌73点，今天要跌84点吗？古训不是说有73、84两道坎吗？不过看半年线支撑","风水轮流转今日到我家","昨天跌73点，今天要跌84点吗？古训不是说有73、84两道坎吗？不过看半年线支撑","73","4","1","","2026-07-17 11:35:54",""
"sh000001","上证指数","1745281116","下午干就完了","贝威1983","下午干就完了","1","0","0","","2026-07-17 11:35:54",""
"sh000001","上证指数","1745281100","科技成长赛道和创新药两大主线携手杀跌，大金融能稳住盘面吗？——作为经济活动的重要","小蜜致富经","科技成长赛道和创新药两大主线携手杀跌，大金融能稳住盘面吗？——作为经济活动的重要","6","0","0","","2026-07-17 11:35:52",""
"sh000001","上证指数","1745281095","这是要我割肉吗？","一份耕耘一分收获","这是要我割肉吗？","2","0","0","","2026-07-17 11:35:52",""
"sh000001","上证指数","1745281082","跌起来疯狂","优雅的无忧","跌起来疯狂","4","0","0","","2026-07-17 11:35:50",""
"sh000001","上证指数","1745281063","希望保卫3800点","股友9a23E63207","希望保卫3800点","9","1","0","","2026-07-17 11:35:48",""
"sh000001","上证指数","1745281052","牛逼了","股友3z21q13779","牛逼了","1","0","0","","2026-07-17 11:35:48",""
"sh000001","上证指数","1745281055","告诫子孙，干啥都不能炒股。大盘一个月跌6.5%，点背的股12天腰斩。","风007110","告诫子孙，干啥都不能炒股。大盘一个月跌6.5%，点背的股12天腰斩。","28","3","0","","2026-07-17 11:35:47",""
"sh000001","上证指数","1745280976","我在2800","卖力跌","我在2800","10","1","0","","2026-07-17 11:35:42",""
"sh000001","上证指数","1745280931","最近各证券公司都在推广AI智能交易，难怪股市会大跌！","混合动力83","最近各证券公司都在推广AI智能交易，难怪股市会大跌！","1","0","0","","2026-07-17 11:35:37",""
"sh000001","上证指数","1745280856","小日子大跌4%","股友S3ycZR4652","小日子大跌4%","12","1","0","","2026-07-17 11:35:32",""
"sh000001","上证指数","1745280836","这波跌下来不知多少融资盘爆仓（韩国爆了2万多亿韩元）","喜羊羊73","这波跌下来不知多少融资盘爆仓（韩国爆了2万多亿韩元）","1","0","0","","2026-07-17 11:35:31",""
"sh000001","上证指数","1745280769","下午V起来老套路了抄底抄底吃肉","全翻滚吧","下午V起来老套路了抄底抄底吃肉","4","0","0","","2026-07-17 11:35:25",""
"sh000001","上证指数","1745280744","游戏结束了","极光世界","游戏结束了","1","0","0","","2026-07-17 11:35:23",""
"sh000001","上证指数","1745280659","AI泡沫破裂，大A会跌到哪里？如何应对？","松月如风","AI泡沫破裂，大A会跌到哪里？如何应对？","49","0","0","","2026-07-17 11:35:16",""
"sh000001","上证指数","1745280641","牛市彻底结束","股友83q72339H8","牛市彻底结束","14","1","0","","2026-07-17 11:35:15",""
"sh000001","上证指数","1745280583","看月线有多恶劣","爱你一万年188","看月线有多恶劣","2","0","0","","2026-07-17 11:35:11",""
"sh000001","上证指数","1745280570","量化交易，大肆收割","和气善贾6666","量化交易，大肆收割","1","0","0","","2026-07-17 11:35:09",""
"sh000001","上证指数","1745280548","今天上午的地价但不是地量，难不成还要下跌，多看少动风险无处不在，今天涨的明天就跌","n14250374368c8fa","今天上午的地价但不是地量，难不成还要下跌，多看少动风险无处不在，今天涨的明天就跌","1","0","0","","2026-07-17 11:35:07",""
"sh000001","上证指数","1745280540","主力在干什么，3800撑不住就要到3400了","要笑着玩","主力在干什么，3800撑不住就要到3400了","1","0","0","","2026-07-17 11:35:07",""
"sh000001","上证指数","1745280441","中级调整结构性熊市，破3750后连续三日未收回，正式确认熊市，其实很多个股已是熊","龙腾凤鸣","中级调整结构性熊市，破3750后连续三日未收回，正式确认熊市，其实很多个股已是熊","17","2","0","","2026-07-17 11:34:57",""
"sh000001","上证指数","1745280418","主力99.5%的时间在出货，哪有牛市，还在幻想牛市，做梦去吧！","星空探索","主力99.5%的时间在出货，哪有牛市，还在幻想牛市，做梦去吧！","2","0","0","","2026-07-17 11:34:57",""
"sh000001","上证指数","1745280410","#白宫：伊朗正遭“毁灭性打击”#","明白的卫文秀3","#白宫：伊朗正遭“毁灭性打击”#","7","0","0","","2026-07-17 11:34:56",""
"sh000001","上证指数","1745280396","大熊来了。科技行情结束，大盘行情结束。等待下一次轮回","吹泡泡的玛特","大熊来了。科技行情结束，大盘行情结束。等待下一次轮回","2","0","0","","2026-07-17 11:34:55",""
"sh000001","上证指数","1745280393","等慢熊到3500，不触发熔断安心","未来B8B","等慢熊到3500，不触发熔断安心","2","0","0","","2026-07-17 11:34:55",""
"sh000001","上证指数","1745280383","$上证指数(SH000001)$","明月n秋风","$上证指数(SH000001)$","246","3","0","","2026-07-17 11:34:55",""
"sh000001","上证指数","1745280383","$上证指数(SH000001)$","明月n秋风","$上证指数(SH000001)$","246","3","0","","2026-07-17 11:34:55",""
"sh000001","上证指数","1745280390","什么时候结束走主升","股友8zR1518003","什么时候结束走主升","13","1","0","","2026-07-17 11:34:54",""
"sh000001","上证指数","1745280299","这个市场要是能做空，谁做多","打金街打金的二郎神","这个市场要是能做空，谁做多","8","2","0","","2026-07-17 11:34:49",""
"sh000001","上证指数","1745280278","还有500个点哟！加油吧","东财网友9810513499544936","还有500个点哟！加油吧","3","0","0","","2026-07-17 11:34:47",""
"sh000001","上证指数","1745280274","本来是想要餐桌上加个菜，现在亏了一半本金，好几年白干了","神龙剑客","本来是想要餐桌上加个菜，现在亏了一半本金，好几年白干了","1","0","0","","2026-07-17 11:34:47",""
"sh000001","上证指数","1745280236","跌破3794才是机会","勇敢坚毅的邱杰","跌破3794才是机会","1","0","0","","2026-07-17 11:34:43",""
"sh000001","上证指数","1745280209","青青青青青，空仓吧，不能玩一点，让它跌个够","目标99天连跌","青青青青青，空仓吧，不能玩一点，让它跌个够","3","0","0","","2026-07-17 11:34:42",""
"sh000001","上证指数","1745280198","这才开始，不急慢慢看","股友bN1Juh","这才开始，不急慢慢看","1","0","0","","2026-07-17 11:34:41",""
"sh000001","上证指数","1745280184","能做空的话早财富自由了","只做空A做多世界","能做空的话早财富自由了","1","0","0","","2026-07-17 11:34:40",""
"sh000001","上证指数","1745280163","应该止跌了最近2天比大盘抗跌不会到时候大盘涨的时候你开始跌那就见鬼了","出名的萧陌然","应该止跌了最近2天比大盘抗跌不会到时候大盘涨的时候你开始跌那就见鬼了","1","0","0","","2026-07-17 11:34:38",""
"sh000001","上证指数","1745280124","相信牛市。即便亏得倾家荡产，我也坚信最终股市长虹，会让散户挣到钱的。祝愿大A否极","J18z2024h2025","相信牛市。即便亏得倾家荡产，我也坚信最终股市长虹，会让散户挣到钱的。祝愿大A否极","229","7","0","","2026-07-17 11:34:35",""
"sh000001","上证指数","1745280119","暴跌超2400点！日本股市、美股期货集体跳水，今天是期货交割日，不论怎么变态，也","默契收钱","暴跌超2400点！日本股市、美股期货集体跳水，今天是期货交割日，不论怎么变态，也","1","0","0","","2026-07-17 11:34:34",""
"sh000001","上证指数","1745280106","直接把钱拿走就行了，还开个毛线的盘","缓行渐远","直接把钱拿走就行了，还开个毛线的盘","3","0","0","","2026-07-17 11:34:33",""
"sh000001","上证指数","1745280078","早盘创业板相当惨烈，盈亏同源，沪市也受拖累，这种走势，中期低点要提前（空间换时间","明月n秋风","早盘创业板相当惨烈，盈亏同源，沪市也受拖累，这种走势，中期低点要提前（空间换时间","42","0","0","","2026-07-17 11:34:32",""
"sh000001","上证指数","1745280085","急需长线资本互换便利万亿逆回购保险社保养老金外国资本救市","冲高必追全仓屙硬","急需长线资本互换便利万亿逆回购保险社保养老金外国资本救市","2","1","0","","2026-07-17 11:34:31",""
"sh000001","上证指数","1745280081","我就知道，还没有结束","股友8zR1518003","我就知道，还没有结束","3","0","0","","2026-07-17 11:34:31",""
"sh000001","上证指数","1745280059","已跌回2025年8月水平。加油。3800保卫战","风007110","已跌回2025年8月水平。加油。3800保卫战","4","0","0","","2026-07-17 11:34:30",""
"sh000001","上证指数","1745280048","虽然我空仓了！还是感觉到了彻骨寒意！","四海来财","虽然我空仓了！还是感觉到了彻骨寒意！","1","0","0","","2026-07-17 11:34:29",""
"sh000001","上证指数","1745280043","每个板块都别拉涨，哪怕横盘等待，别骗人追！！！","明白的卫文秀3","每个板块都别拉涨，哪怕横盘等待，别骗人追！！！","2","0","0","","2026-07-17 11:34:29",""
"sh000001","上证指数","1745279970","全部的股票已经牛转熊，只有及少数是红盘，大盘已经没有翻盘的机会了，熊就是熊，已经","你在我眼中是最美1","全部的股票已经牛转熊，只有及少数是红盘，大盘已经没有翻盘的机会了，熊就是熊，已经","1","0","0","","2026-07-17 11:34:23",""
"sh000001","上证指数","1745279925","支撑位3760","爱你一万年188","支撑位3760","2","0","0","","2026-07-17 11:34:20",""
"sh000001","上证指数","1745279883","亏的好难受","有益的炎熠然","亏的好难受","1","0","0","","2026-07-17 11:34:17",""
"sh000001","上证指数","1745279874","强烈呼吁T+0.不然散户就是待宰的羔羊","江湖闲剑客","强烈呼吁T+0.不然散户就是待宰的羔羊","4","0","0","","2026-07-17 11:34:17",""
"sh000001","上证指数","1745279827","今天什么板块跌的最多？","股友chOEwm2904","今天什么板块跌的最多？","2","0","0","","2026-07-17 11:34:12",""
"sh000001","上证指数","1745279795","买啥都不赚钱，只有做空你必赚","股友507852l37Y","买啥都不赚钱，只有做空你必赚","13","1","0","","2026-07-17 11:34:10",""
"sh000001","上证指数","1745279787","真的无语？","多财积玉地苏星河","真的无语？","2","0","0","","2026-07-17 11:34:10",""
"sh000001","上证指数","1745279756","慢牛缓牛，套你猴子","仙界投资人","慢牛缓牛，套你猴子","1","0","0","","2026-07-17 11:34:07",""
"sh000001","上证指数","1745279722","不错，符合我的观点。","我爱大盘三千点","不错，符合我的观点。","8","0","0","","2026-07-17 11:34:06",""
"sh000001","上证指数","1745279675","股市下跌给上海人智会泼冷水：","天佳合long","股市下跌给上海人智会泼冷水：","225","0","0","","2026-07-17 11:34:01",""
"sh000001","上证指数","1745279637","洗脚按摩不香吗，非得把钱给别人，还不念你的好","金银大展得雪崩","洗脚按摩不香吗，非得把钱给别人，还不念你的好","12","1","0","","2026-07-17 11:33:59",""
"sh000001","上证指数","1745279571","今天AI大会的主题是什么？","股友chOEwm2904","今天AI大会的主题是什么？","18","1","0","","2026-07-17 11:33:54",""
"sh000001","上证指数","1745279538","大盘如破3794点下面就是3580点了","n254813311314674","大盘如破3794点下面就是3580点了","16","1","0","","2026-07-17 11:33:51",""
"sh000001","上证指数","1745279489","日经三月底低点50558现在，他还有64000点，我们就回到三月底了，真厉害","打新8大王","日经三月底低点50558现在，他还有64000点，我们就回到三月底了，真厉害","6","0","0","","2026-07-17 11:33:48",""
"sh000001","上证指数","1745279477","指数涨，个股跌，指数跌，全都得跌","未来丶1","指数涨，个股跌，指数跌，全都得跌","3","0","0","","2026-07-17 11:33:47",""
"sh000001","上证指数","1745279473","……","点石钵满得夏雪宜","……","4","0","0","","2026-07-17 11:33:47",""
"sh000001","上证指数","1745279479","短期3700，中期3400，长期3000","静心耐心202603","短期3700，中期3400，长期3000","13","2","0","","2026-07-17 11:33:46",""
"sh000001","上证指数","1745279468","月线走势与22年1月有点象","无私de豹子头","月线走势与22年1月有点象","6","0","0","","2026-07-17 11:33:46",""
"sh000001","上证指数","1745279461","我国股市不禁量化涨起来不多跌起来比国外更狠。牛掰了","天黑就起床","我国股市不禁量化涨起来不多跌起来比国外更狠。牛掰了","14","1","0","","2026-07-17 11:33:46",""
"sh000001","上证指数","1745279466","看了一下这个软件百分之70级的都是亏钱，真正做到了二八定律","股友360G3M1387","看了一下这个软件百分之70级的都是亏钱，真正做到了二八定律","5","1","0","","2026-07-17 11:33:45",""
"sh000001","上证指数","1745279443","3800我来啦","上市公司股东A","3800我来啦","1","0","0","","2026-07-17 11:33:45",""
"sh000001","上证指数","1745279442","拉银行，拉券商，就等于收割个股，反之等于救市","我拿麻袋装钱","拉银行，拉券商，就等于收割个股，反之等于救市","5","0","0","","2026-07-17 11:33:45",""
"sh000001","上证指数","1745279445","哎，这个月亏损九个点了，算上月初的利润一共回撤二十个点，真就应了一瞬流光那句话，","恒心的戚宇航","哎，这个月亏损九个点了，算上月初的利润一共回撤二十个点，真就应了一瞬流光那句话，","3","0","0","","2026-07-17 11:33:44",""
"sh000001","上证指数","1745279417","C浪下杀牛熊转换，3800标志熊市开启，大主力资金已慌不择路的出逃，逃出窗口期不","股友ohwklN","C浪下杀牛熊转换，3800标志熊市开启，大主力资金已慌不择路的出逃，逃出窗口期不","3","0","0","","2026-07-17 11:33:43",""
"sh000001","上证指数","1745279392","大A如果做空不赚钱，绝对不会这样跌法，每次微小上涨，再运用融券砸，大幅度下跌，从","易个意","大A如果做空不赚钱，绝对不会这样跌法，每次微小上涨，再运用融券砸，大幅度下跌，从","5","0","0","","2026-07-17 11:33:43",""
"sh000001","上证指数","1745279355","直奔3794而去","柔韧耐心","直奔3794而去","2","0","0","","2026-07-17 11:33:40",""
"sh000001","上证指数","1745279322","日线大M头确立。。。。。。","超大米老鼠","日线大M头确立。。。。。。","3","0","0","","2026-07-17 11:33:37",""
"sh000001","上证指数","1745279306","4258是未来五年的顶？","一针封喉","4258是未来五年的顶？","4","0","0","","2026-07-17 11:33:37",""
"sh000001","上证指数","1745279296","牛市不可能不回调的，时间换空间，大盘回调30%才会企稳。然后继续往上。还早着呢","最高点精准加仓","牛市不可能不回调的，时间换空间，大盘回调30%才会企稳。然后继续往上。还早着呢","2","0","0","","2026-07-17 11:33:36",""
"sh000001","上证指数","1745279260","继续跌，汇金抄底时再进来","未来B8B","继续跌，汇金抄底时再进来","2","0","0","","2026-07-17 11:33:34",""
"sh000001","上证指数","1745279236","要不要救市了哈？","wuzhichengde","要不要救市了哈？","3","0","0","","2026-07-17 11:33:32",""
"sh000001","上证指数","1745279229","不想玩了，可以退钱吗","花开兴隆地梦竹","不想玩了，可以退钱吗","2","0","0","","2026-07-17 11:33:31",""
"sh000001","上证指数","1745279226","说你是垃圾都是对垃圾的侮辱","张阿楠","说你是垃圾都是对垃圾的侮辱","2","0","0","","2026-07-17 11:33:31",""
"sh000001","上证指数","1745279211","何时止跌反弹","鎏渊wyk","何时止跌反弹","3","0","0","","2026-07-17 11:33:30",""
"sh000001","上证指数","1745279196","年轻人的第一份负债","谦恭平和得萧远山","年轻人的第一份负债","1","0","0","","2026-07-17 11:33:30",""
"sh000001","上证指数","1745279174","有啥重大利好，下午黄金贵金属吸光全场","鱼生有你2026","有啥重大利好，下午黄金贵金属吸光全场","65","0","0","","2026-07-17 11:33:28",""
"sh000001","上证指数","1745279087","下周先破3800，逼3750","股友26N91t6131","下周先破3800，逼3750","7","2","0","","2026-07-17 11:33:24",""
"sh000001","上证指数","1745279022","以后请叫羊市，我们都是两脚羊","当时大意了没有跑","以后请叫羊市，我们都是两脚羊","7","0","1","","2026-07-17 11:33:20",""
"sh000001","上证指数","1745279021","3800汪汪队可能要护盘了","股友3v07k22071","3800汪汪队可能要护盘了","7","0","0","","2026-07-17 11:33:19",""
"sh000001","上证指数","1745278996","接下来这波操作反弹，找基本面到2027年后订单充足的，业绩增长有保证，跌幅在50","方圆正红","接下来这波操作反弹，找基本面到2027年后订单充足的，业绩增长有保证，跌幅在50","2","0","0","","2026-07-17 11:33:19",""
"sh000001","上证指数","1745278942","第一张图，很清晰的看到，从24年2600多点开始，到今天，是非常标准的2个大级别","股市王语嫣","第一张图，很清晰的看到，从24年2600多点开始，到今天，是非常标准的2个大级别","447","12","1","","2026-07-17 11:33:17",""
"sh000001","上证指数","1745278937","00后绝望了。。以为送走80-90后。。还是太年轻了。。股市还是以前的股市。。","花花木木","00后绝望了。。以为送走80-90后。。还是太年轻了。。股市还是以前的股市。。","3","0","0","","2026-07-17 11:33:17",""
"sh000001","上证指数","1745278914","出货必须拉高，套现必须大涨，吸筹必须急跌，控盘必须缩量","股友3R8023531A","出货必须拉高，套现必须大涨，吸筹必须急跌，控盘必须缩量","120","3","2","","2026-07-17 11:33:15",""
"sh000001","上证指数","1745278863","反正大盘涨许多个股不涨涨一点不够第二天跌的，或者就是继续跌，大盘只要一跌，个股狂","深情似海终会溺","反正大盘涨许多个股不涨涨一点不够第二天跌的，或者就是继续跌，大盘只要一跌，个股狂","3","0","0","","2026-07-17 11:33:12",""
"sh000001","上证指数","1745278796","请问什么时候是个头","别听砖家的","请问什么时候是个头","7","1","0","","2026-07-17 11:33:09",""
"sh000001","上证指数","1745278762","快了快了，8天后3000保卫战","as168df","快了快了，8天后3000保卫战","12","0","0","","2026-07-17 11:33:07",""
"sh000001","上证指数","1745278720","结构牛？实际熊！","股友353299lY82","结构牛？实际熊！","1","0","0","","2026-07-17 11:33:05",""
"sh000001","上证指数","1745278676","下午基本击穿3794了一起来见证吧","怀抱抱","下午基本击穿3794了一起来见证吧","16","1","0","","2026-07-17 11:33:03",""
"sh000001","上证指数","1745278559","水平有限，跌了属于正常","起点83069","水平有限，跌了属于正常","1","0","0","","2026-07-17 11:32:57",""
"sh000001","上证指数","1745278547","老乡别走，这是慢牛","未来丶1","老乡别走，这是慢牛","15","1","0","","2026-07-17 11:32:57",""
"sh000001","上证指数","1745278541","不应该呀！","善缘1618","不应该呀！","1","0","0","","2026-07-17 11:32:56",""
"sh000001","上证指数","1745278521","服不服啊","买优质标的","服不服啊","4","0","0","","2026-07-17 11:32:55",""
"sh000001","上证指数","1745278494","遍地是黄金啊","Skmd","遍地是黄金啊","3","0","0","","2026-07-17 11:32:54",""
"sh000001","上证指数","1745278493","今天是戴维斯双杀","皆是梦幻泡影","今天是戴维斯双杀","2","0","0","","2026-07-17 11:32:54",""
"sh000001","上证指数","1745278488","$上证指数(SH000001)$","金洪阁","$上证指数(SH000001)$","13","0","0","","2026-07-17 11:32:54",""
"sh000001","上证指数","1745278427","就想来看看评论区，结果都被删了，哈哈哈","清逸灵动的康智妍","就想来看看评论区，结果都被删了，哈哈哈","2","0","0","","2026-07-17 11:32:50",""
"sh000001","上证指数","1745278398","大盘每一次的反抽，都会带走一部分资金，和潮汐褪去一样的，海滩的沙子都带走了","炒股买腾势","大盘每一次的反抽，都会带走一部分资金，和潮汐褪去一样的，海滩的沙子都带走了","1","0","0","","2026-07-17 11:32:49",""
"sh000001","上证指数","1745278391","不能疯牛，但是可以是疯熊","莫莫天天涨","不能疯牛，但是可以是疯熊","2","0","0","","2026-07-17 11:32:48",""
"sh000001","上证指数","1745278390","再不回拉，放心借还不上了","命很好","再不回拉，放心借还不上了","2","0","0","","2026-07-17 11:32:48",""
"sh000001","上证指数","1745278358","中午不发利好了？","蛇蝎美男子","中午不发利好了？","7","0","0","","2026-07-17 11:32:47",""
"sh000001","上证指数","1745278334","今天指数砸破3个点，那么大盘就见底了，后面反攻，如果直接V了，那么明天早上开盘又","三个点小王子","今天指数砸破3个点，那么大盘就见底了，后面反攻，如果直接V了，那么明天早上开盘又","11","0","1","","2026-07-17 11:32:45",""
"sz399006","创业板指","1745288934","看到这些抱团的伪科技庄股跌实在太爽了，以前天天500只涨4500只跌的时候你们可","n545713731920324","看到这些抱团的伪科技庄股跌实在太爽了，以前天天500只涨4500只跌的时候你们可","1","0","0","","2026-07-17 11:47:26",""
"sz399006","创业板指","1745288776","今天遍地都是机会，牢a真好","坚决不碰a股","今天遍地都是机会，牢a真好","1","0","0","","2026-07-17 11:47:11",""
"sz399006","创业板指","1745288642","就是为了解放山顶的家人，就是不卖，就是玩！相信永远站在光里，光光光","天生韭菜ggg","就是为了解放山顶的家人，就是不卖，就是玩！相信永远站在光里，光光光","1","0","0","","2026-07-17 11:46:55",""
"sz399006","创业板指","1745287568","毁灭吧！立刻马上。","超级单兵模式","毁灭吧！立刻马上。","1","0","0","","2026-07-17 11:45:05",""
"sz399006","创业板指","1745287540","七月份实在太难了，因为大盘在十日线均线以下","渡星汐","七月份实在太难了，因为大盘在十日线均线以下","1","0","0","","2026-07-17 11:45:03",""
"sz399006","创业板指","1745287359","大跌5-10%","三牛牛牛牛","大跌5-10%","1","0","0","","2026-07-17 11:44:43",""
"sz399006","创业板指","1745287263","继续买坚信还能起来","修行在大A","继续买坚信还能起来","1","0","0","","2026-07-17 11:44:34",""
"sz399006","创业板指","1745287216","还有300点就到年线了，你想咋地","李龙龙哥","还有300点就到年线了，你想咋地","1","0","0","","2026-07-17 11:44:30",""
"sz399006","创业板指","1745286902","送外卖的电瓶车重新从地下室推出来了，在跌一周就能用上了","独具慧眼的沈淼冬","送外卖的电瓶车重新从地下室推出来了，在跌一周就能用上了","1","0","0","","2026-07-17 11:43:58",""
"sz399006","创业板指","1745286689","涨涨跌跌是正常的，涨多了，回调回调属于正常调整，我们现在就是1/3仓位继续等待，","静谧悠然的衢州","涨涨跌跌是正常的，涨多了，回调回调属于正常调整，我们现在就是1/3仓位继续等待，","2","0","0","","2026-07-17 11:43:38",""
"sz399006","创业板指","1745286383","这节奏量化交易，3400点都悬了，熊市来到了。","紫根生菜","这节奏量化交易，3400点都悬了，熊市来到了。","6","0","0","","2026-07-17 11:43:07",""
"sz399006","创业板指","1745285734","肉一口没吃上，挨打一顿没落下。干了","股友528W262T80","肉一口没吃上，挨打一顿没落下。干了","1","0","0","","2026-07-17 11:42:10",""
"sz399006","创业板指","1745285559","打开创业板月线图，这里的下跌刚刚开始，实在想买切换主板小银行。","生机发财得龙啸云","打开创业板月线图，这里的下跌刚刚开始，实在想买切换主板小银行。","6","0","0","","2026-07-17 11:41:54",""
"sz399006","创业板指","1745285341","很多股接近腰斩，怎么没风险提示？！","自在的吕紫照","很多股接近腰斩，怎么没风险提示？！","6","0","0","","2026-07-17 11:41:34",""
"sz399006","创业板指","1745285124","跌这么狠也不救市","乘风直上青云境","跌这么狠也不救市","4","1","0","","2026-07-17 11:41:15",""
"sz399006","创业板指","1745284882","沪指3500，创业板3100，看看能不能企稳","闲钱闲趣","沪指3500，创业板3100，看看能不能企稳","2","0","0","","2026-07-17 11:40:51",""
"sz399006","创业板指","1745284841","月线一阴吞三阳，真牛！","Yh飞跃","月线一阴吞三阳，真牛！","1","0","0","","2026-07-17 11:40:47",""
"sz399006","创业板指","1745284739","全世界发报，中国股市轻跌五个点","好653","全世界发报，中国股市轻跌五个点","2","0","0","","2026-07-17 11:40:38",""
"sz399006","创业板指","1745284608","棒子周一开盘大跌，你又要跟。","已清仓销户","棒子周一开盘大跌，你又要跟。","2","0","0","","2026-07-17 11:40:27",""
"sz399006","创业板指","1745284436","可能杠杆全部爆仓了！","亏得糊涂","可能杠杆全部爆仓了！","5","1","0","","2026-07-17 11:40:15",""
"sz399006","创业板指","1745284177","科技和药狂砸，谁顶的住","傻酣酣","科技和药狂砸，谁顶的住","18","1","0","","2026-07-17 11:39:52",""
"sz399006","创业板指","1745283869","今天很多科技人哭了吧","乐于助人的郝桢13","今天很多科技人哭了吧","5","0","0","","2026-07-17 11:39:24",""
"sz399006","创业板指","1745283734","我好像看了一场戏，它们戴着金丝眼镜抽着雪茄开着香槟狡诈大笑着，露出丑陋的满嘴谎话","丹青的国珺","我好像看了一场戏，它们戴着金丝眼镜抽着雪茄开着香槟狡诈大笑着，露出丑陋的满嘴谎话","5","0","0","","2026-07-17 11:39:12",""
"sz399006","创业板指","1745283610","大盘下跌的空间已经足够了，就是还需要时间震荡！大盘企稳后还是会回到核心科技股，记","心冥形释","大盘下跌的空间已经足够了，就是还需要时间震荡！大盘企稳后还是会回到核心科技股，记","16","0","0","","2026-07-17 11:38:59",""
"sz399006","创业板指","1745283578","数码视讯目前是否可以建仓值得考虑不？","股海冲浪2015","数码视讯目前是否可以建仓值得考虑不？","1","0","0","","2026-07-17 11:38:56",""
"sz399006","创业板指","1745283506","创业板已经到了5月线的支撑和上一轮高点的支撑，这个地方有强支撑位，是一个阶段性的","顺势而操","创业板已经到了5月线的支撑和上一轮高点的支撑，这个地方有强支撑位，是一个阶段性的","1","0","0","","2026-07-17 11:38:50",""
"sz399006","创业板指","1745283443","A股见顶了","别急小步慢跑","A股见顶了","4","0","0","","2026-07-17 11:38:44",""
"sz399006","创业板指","1745283351","3000点保卫战很快又要打响了，各位先冲，我撤退，我服了。","请叫我小八锅","3000点保卫战很快又要打响了，各位先冲，我撤退，我服了。","1","0","0","","2026-07-17 11:38:36",""
"sz399006","创业板指","1745283310","跑啦跑啦，","股友g37f562097","跑啦跑啦，","4","0","0","","2026-07-17 11:38:34",""
"sz399006","创业板指","1745283158","不拉没人接盘","聪明的邱琛20","不拉没人接盘","1","1","0","","2026-07-17 11:38:23",""
"sz399006","创业板指","1745282832","泥沙俱下，被科技带崩了","梭哈了你随意","泥沙俱下，被科技带崩了","5","0","0","","2026-07-17 11:38:04",""
"sz399006","创业板指","1745282804","能不能学棒子，也搞个救市计划","大阳线红十字星","能不能学棒子，也搞个救市计划","4","0","0","","2026-07-17 11:38:03",""
"sz399006","创业板指","1745282794","3300-3300-3300","涨停999","3300-3300-3300","1","0","0","","2026-07-17 11:38:02",""
"sz399006","创业板指","1745282775","持仓一片惨绿，半个西瓜吃几口，一个咬不，难以下咽，下一室无光，一夜难眠","张红狼","持仓一片惨绿，半个西瓜吃几口，一个咬不，难以下咽，下一室无光，一夜难眠","3","0","0","","2026-07-17 11:38:01",""
"sz399006","创业板指","1745282481","正式跌入技术性熊市","股友51ptl58y7f","正式跌入技术性熊市","1","1","0","","2026-07-17 11:37:41",""
"sz399006","创业板指","1745282322","美好的憧憬……只有躺平了……","凡人诀","美好的憧憬……只有躺平了……","4","0","0","","2026-07-17 11:37:31",""
"sz399006","创业板指","1745282297","月线跌了18%，4300估计要到3300了","涨停999","月线跌了18%，4300估计要到3300了","4","0","0","","2026-07-17 11:37:28",""
"sz399006","创业板指","1745282208","今天有多少人追进来了","周密的钱徐佳蕾","今天有多少人追进来了","1","0","0","","2026-07-17 11:37:20",""
"sz399006","创业板指","1745282185","#白宫：伊朗正遭“毁灭性打击”#","股海中的小船长","#白宫：伊朗正遭“毁灭性打击”#","3","0","0","","2026-07-17 11:37:17",""
"sz399006","创业板指","1745282053","大跌两天后，今天再次跌停，还有人敢抄底啊，信心已经摧毁了","股友q672030V55","大跌两天后，今天再次跌停，还有人敢抄底啊，信心已经摧毁了","1","0","0","","2026-07-17 11:37:08",""
"sz399006","创业板指","1745281791","我真的受不了！","股友9889i85H76","我真的受不了！","290","2","0","","2026-07-17 11:36:46",""
"sz399006","创业板指","1745281715","我愿意拿我持股跌两个多点换指数每天跌5个点，出来混还是要还的，不想想涨半年指数4","拥抱你晴天","我愿意拿我持股跌两个多点换指数每天跌5个点，出来混还是要还的，不想想涨半年指数4","1","0","0","","2026-07-17 11:36:41",""
"sz399006","创业板指","1745281457","一口老血劳资100股都能亏的嗷嗷叫","小马379565336","一口老血劳资100股都能亏的嗷嗷叫","3","0","0","","2026-07-17 11:36:21",""
"sz399006","创业板指","1745281318","收盘3300都保不住","赚一个亿就退出","收盘3300都保不住","3","0","0","","2026-07-17 11:36:11",""
"sz399006","创业板指","1745281294","开幕走个面跌成狗哈哈哈","基民zbG1D1","开幕走个面跌成狗哈哈哈","2","0","0","","2026-07-17 11:36:09",""
"sz399006","创业板指","1745281221","创业板盘中跌至3487.99，大幅跌破技术性熊市临界线3504的点位。","学习就是在学习","创业板盘中跌至3487.99，大幅跌破技术性熊市临界线3504的点位。","3","0","0","","2026-07-17 11:36:04",""
"sz399006","创业板指","1745280637","涨要一两年，跌不到一个月就可以了","招财州鹤地张无忌","涨要一两年，跌不到一个月就可以了","4","0","0","","2026-07-17 11:35:15",""
"sz399006","创业板指","1745280577","刺激，CPO砸得这么狠","诙谐幽默的章美波","刺激，CPO砸得这么狠","5","0","0","","2026-07-17 11:35:09",""
"sz399006","创业板指","1745280475","你涨的没小日子多。跌倒是超过它一点不含糊呀","勤于思考de哈迪斯","你涨的没小日子多。跌倒是超过它一点不含糊呀","7","0","0","","2026-07-17 11:35:01",""
"sz399006","创业板指","1745280452","3200见","Akghzkl","3200见","10","1","0","","2026-07-17 11:34:59",""
"sz399006","创业板指","1745279997","啧啧啧啧","这你受得了么","啧啧啧啧","5","0","0","","2026-07-17 11:34:24",""
"sz399006","创业板指","1745279964","下午大反攻，收盘怒涨三个点，拭目以待。","股友YBHc3b","下午大反攻，收盘怒涨三个点，拭目以待。","5","0","0","","2026-07-17 11:34:22",""
"sz399006","创业板指","1745279746","恐怖啊，两年的都不够你跌，你个垃圾","kevince888","恐怖啊，两年的都不够你跌，你个垃圾","5","0","0","","2026-07-17 11:34:07",""
"sz399006","创业板指","1745279721","终于止跌了，下午一点继续","股友993705aO59","终于止跌了，下午一点继续","5","0","0","","2026-07-17 11:34:05",""
"sz399006","创业板指","1745279684","所有想让自己不爆仓的补仓行为，都徒劳无获，因为让他们完全爆仓，才能完整的收割","只买不卖行不行","所有想让自己不爆仓的补仓行为，都徒劳无获，因为让他们完全爆仓，才能完整的收割","4","0","0","","2026-07-17 11:34:01",""
"sz399006","创业板指","1745279660","3133才是底","勇敢坚毅的邱杰","3133才是底","10","1","0","","2026-07-17 11:34:01",""
"sz399006","创业板指","1745279436","长鑫就是下一个中石油，上市疯狂吸血","孤身芭菲猫","长鑫就是下一个中石油，上市疯狂吸血","13","0","0","","2026-07-17 11:33:45",""
"sz399006","创业板指","1745278994","含科量防止大起大落","一买就变熊","含科量防止大起大落","5","0","0","","2026-07-17 11:33:19",""
"sz399006","创业板指","1745278914","出货必须拉高，套现必须大涨，吸筹必须急跌，控盘必须缩量","股友3R8023531A","出货必须拉高，套现必须大涨，吸筹必须急跌，控盘必须缩量","120","3","2","","2026-07-17 11:33:15",""
"sz399006","创业板指","1745278811","至少跌三个月","狩猎者等着","至少跌三个月","4","0","0","","2026-07-17 11:33:09",""
"sz399006","创业板指","1745278741","正好砸崩几个大家伙也不用上市了","系统格式化","正好砸崩几个大家伙也不用上市了","7","0","0","","2026-07-17 11:33:06",""
"sz399006","创业板指","1745278657","还在这里面的人都是勇士！","股友q66i836515","还在这里面的人都是勇士！","8","0","0","","2026-07-17 11:33:02",""
"sz399006","创业板指","1745278595","下午还会翻倍亏吗","基民6823u6w117","下午还会翻倍亏吗","8","0","0","","2026-07-17 11:32:59",""
"sz399006","创业板指","1745278549","打工人真的碎了本金直接这几天-20w","哇嘞嘻嘻","打工人真的碎了本金直接这几天-20w","25","2","0","","2026-07-17 11:32:56",""
"sz399006","创业板指","1745278516","倒车接人兄弟们满仓干错过不要后悔拍大腿","多财高升得钟无艳","倒车接人兄弟们满仓干错过不要后悔拍大腿","6","0","0","","2026-07-17 11:32:55",""
"sz399006","创业板指","1745278502","日线大M头确立。。。。。。","超大米老鼠","日线大M头确立。。。。。。","7","0","0","","2026-07-17 11:32:54",""
"sz399006","创业板指","1745278262","创业板还有20%的跌幅。主板差不多了。","东大东大","创业板还有20%的跌幅。主板差不多了。","17","2","0","","2026-07-17 11:32:40",""
"sz399006","创业板指","1745278079","下跌的空间已经不大了，紧紧握住手中的筹码，指数企稳之后必有厚报！！科技的景气度这","心冥形释","下跌的空间已经不大了，紧紧握住手中的筹码，指数企稳之后必有厚报！！科技的景气度这","7","0","0","","2026-07-17 11:32:30",""
"sz399006","创业板指","1745278022","啥时候反弹，亏麻了","股友WSnw0b","啥时候反弹，亏麻了","5","0","0","","2026-07-17 11:32:25",""
"sz399006","创业板指","1745277986","怎么办","八方积玉de楚留香","怎么办","7","0","0","","2026-07-17 11:32:24",""
"sz399006","创业板指","1745277545","跌个痛快，一直去3000","一针封喉","跌个痛快，一直去3000","6","0","0","","2026-07-17 11:31:56",""
"sz399006","创业板指","1745277249","A股怎么了？？？","善缘1618","A股怎么了？？？","19","1","0","","2026-07-17 11:31:38",""
"sz399006","创业板指","1745277171","抄底","牛大王hq","抄底","22","1","0","","2026-07-17 11:31:33",""
"sz399006","创业板指","1745277161","国家救救我们吧，中午发点利好，求您了，要活不起了","股友Pv85236639","国家救救我们吧，中午发点利好，求您了，要活不起了","43","1","0","","2026-07-17 11:31:33",""
"sz399006","创业板指","1745276841","基本到底了，3487与3479差不多，看收盘能不能不跌破3479和下周一了","弃短从中","基本到底了，3487与3479差不多，看收盘能不能不跌破3479和下周一了","13","1","0","","2026-07-17 11:31:19",""
"sz399006","创业板指","1745276837","这貂毛又想玩探底回升，臭的出生","大道至简a8","这貂毛又想玩探底回升，臭的出生","8","0","0","","2026-07-17 11:31:19",""
"sz399006","创业板指","1745276675","求求市场了，给老百姓点活路吧，要疯了","一只多肉598","求求市场了，给老百姓点活路吧，要疯了","12","0","0","","2026-07-17 11:31:10",""
"sz399006","创业板指","1745276618","反者道之动，弱者道之用。天下万物生于有，有生于无，物极必反","大玍古","反者道之动，弱者道之用。天下万物生于有，有生于无，物极必反","8","0","0","","2026-07-17 11:31:08",""
"sz399006","创业板指","1745276356","看到六月底有人嘴硬科技股，就知道到顶了","琼琼小利","看到六月底有人嘴硬科技股，就知道到顶了","22","2","0","","2026-07-17 11:30:53",""
"sz399006","创业板指","1745276316","怎么都没有止跌迹象的","捂股丰登2026888","怎么都没有止跌迹象的","8","0","0","","2026-07-17 11:30:51",""
"sz399006","创业板指","1745275837","休市了暂停扣费了","股友5916FD6553","休市了暂停扣费了","5","0","0","","2026-07-17 11:30:27",""
"sz399006","创业板指","1745275649","11:30了，终于止跌了。","牛角大王","11:30了，终于止跌了。","15","1","0","","2026-07-17 11:30:17",""
"sz399006","创业板指","1745275633","炒吧！这一堆帮别人擦鞋都不够格的伪科技","阿拉斯加笨熊","炒吧！这一堆帮别人擦鞋都不够格的伪科技","8","0","0","","2026-07-17 11:30:16",""
"sz399006","创业板指","1745275571","一上午，主力资金跑了千亿","凡人诀","一上午，主力资金跑了千亿","13","0","0","","2026-07-17 11:30:12",""
"sz399006","创业板指","1745275510","大概率要到3181的，还有几百点要跌？","PJSY","大概率要到3181的，还有几百点要跌？","20","2","0","","2026-07-17 11:30:10",""
"sz399006","创业板指","1745275227","2015年一样，一个月跌20%","日月大晴天","2015年一样，一个月跌20%","12","0","0","","2026-07-17 11:29:56",""
"sz399006","创业板指","1745275201","三线合一齐下弯，居然提早了。","大方無隅","三线合一齐下弯，居然提早了。","9","0","0","","2026-07-17 11:29:56",""
"sz399006","创业板指","1745275192","科技股跌的惨不忍睹，已经出现融资爆仓","复利稳健增长","科技股跌的惨不忍睹，已经出现融资爆仓","22","1","0","","2026-07-17 11:29:55",""
"sz399006","创业板指","1745274892","今天你若跌5以上、恐怕今年就没戏可言了。","n1432790460a36cc","今天你若跌5以上、恐怕今年就没戏可言了。","7","0","0","","2026-07-17 11:29:42",""
"sz399006","创业板指","1745274748","下一个目标点位：3133.78!可能本月就能看到!","逸风飞扬9810","下一个目标点位：3133.78!可能本月就能看到!","6","0","0","","2026-07-17 11:29:37",""
"sz399006","创业板指","1745274704","慢牛来咯。","v逍遥A神","慢牛来咯。","7","0","0","","2026-07-17 11:29:35",""
"sz399006","创业板指","1745274590","哪有这么跌的市场","股友50T98m3692","哪有这么跌的市场","120","2","0","","2026-07-17 11:29:30",""
"sz399006","创业板指","1745274541","知道今天为什么跌吗，因为我昨天全清了","一块钱俩两块钱仨","知道今天为什么跌吗，因为我昨天全清了","6","0","0","","2026-07-17 11:29:28",""
"sz399006","创业板指","1745274494","韭菜根都给刨了","AAAAA15","韭菜根都给刨了","9","0","0","","2026-07-17 11:29:27",""
"sz399006","创业板指","1745274420","感觉跟20152021的牛市一样开始暴跌","pz123456","感觉跟20152021的牛市一样开始暴跌","10","0","0","","2026-07-17 11:29:23",""
"sz399006","创业板指","1745274348","方便面都要掰成两半吃了","独具慧眼的沈淼冬","方便面都要掰成两半吃了","5","0","0","","2026-07-17 11:29:21",""
"sz399006","创业板指","1745274047","棒子它妈","小僧_金山","棒子它妈","6","0","0","","2026-07-17 11:29:08",""
"sz399006","创业板指","1745273910","继续量化吧，量化收割","小散很蓝痩香菇","继续量化吧，量化收割","10","1","0","","2026-07-17 11:29:02",""
"sz399006","创业板指","1745273835","挺有意思的，资金还是义无反顾的进大科技，导致中小盘，微盘股依然没有流动性，国际市","股友802289Fd96","挺有意思的，资金还是义无反顾的进大科技，导致中小盘，微盘股依然没有流动性，国际市","13","0","0","","2026-07-17 11:29:00",""
"sz399006","创业板指","1745273762","真牛批","足智高雅de钱大方","真牛批","2","0","0","","2026-07-17 11:28:56",""
"sz399006","创业板指","1745273709","指数跌的都找不到北了。","BTHY","指数跌的都找不到北了。","6","0","0","","2026-07-17 11:28:52",""
"sz399006","创业板指","1745273626","还要跌400个点！","股友0309c55x81","还要跌400个点！","6","0","0","","2026-07-17 11:28:50",""
"sz399006","创业板指","1745273593","这行情只能清仓下很容易买到跌停","宁可错过不要强求","这行情只能清仓下很容易买到跌停","3","0","0","","2026-07-17 11:28:49",""
"sz399006","创业板指","1745273457","一个月跌多少？","美股涨我就跌","一个月跌多少？","19","1","0","","2026-07-17 11:28:42",""
"sz399006","创业板指","1745273185","tuxue","股友l35Y007872","tuxue","4","0","0","","2026-07-17 11:28:33",""
"sz399006","创业板指","1745272889","，天天暴跌","全部看多即离场","，天天暴跌","9","1","0","","2026-07-17 11:28:23",""
"sz399006","创业板指","1745272869","技术性熊了","国际散人","技术性熊了","4","0","0","","2026-07-17 11:28:23",""
"sz399006","创业板指","1745272723","把做空先停掉，很难么？？","duiziji","把做空先停掉，很难么？？","4","0","0","","2026-07-17 11:28:19",""
"sz399006","创业板指","1745271438","上海凯宝九十二种药物纳入医保","股友2e262003g0","上海凯宝九十二种药物纳入医保","21","0","0","","2026-07-17 11:27:30",""
"sz399006","创业板指","1745271259","你想抄他底，他就抄你家，每次反弹都是跑路的机会，反弹的目的从来不是创新高，而是积","恭喜四海得妲己","你想抄他底，他就抄你家，每次反弹都是跑路的机会，反弹的目的从来不是创新高，而是积","11","0","0","","2026-07-17 11:27:23",""
"sz399006","创业板指","1745271099","结构性熊市逻辑简析","沐逸云","结构性熊市逻辑简析","19","0","0","","2026-07-17 11:27:15",""
"sz399006","创业板指","1745271033","以后也不炒股了！！！","骑牛股","以后也不炒股了！！！","7","0","0","","2026-07-17 11:27:13",""
"sz399006","创业板指","1745270943","先看缺口吧","小民股东","先看缺口吧","7","0","0","","2026-07-17 11:27:09",""
"sz399006","创业板指","1745270928","学学棒子，来个向下融断可以吗","升华23456784409","学学棒子，来个向下融断可以吗","5","0","0","","2026-07-17 11:27:09",""
"sz399006","创业板指","1745270626","放弃抵抗","股友3YiRBP","放弃抵抗","3","0","0","","2026-07-17 11:26:57",""
"sz399006","创业板指","1745270306","兄弟们，不知道你们还顶不顶得住","基民1703D05f19","兄弟们，不知道你们还顶不顶得住","3","0","0","","2026-07-17 11:26:45",""
"sz399006","创业板指","1745269419","伟大无需多言","量化路上的小陈","伟大无需多言","12","0","0","","2026-07-17 11:26:11",""
"sz399006","创业板指","1745269415","月K线都跌到10月均线了，能暂时止住一下不？","第一要保证不亏本","月K线都跌到10月均线了，能暂时止住一下不？","4","0","0","","2026-07-17 11:26:11",""
"sz399006","创业板指","1745269306","这就是爆炒科技股的后果","升华23456784409","这就是爆炒科技股的后果","5","0","0","","2026-07-17 11:26:07",""
"sz399006","创业板指","1745269300","下来吧3000左右才符合你的身份。来回收割","我在A市场学技术","下来吧3000左右才符合你的身份。来回收割","4","0","0","","2026-07-17 11:26:07",""
"sz399006","创业板指","1745269025","今天买入的银之杰和汇金科技，大盘怎么跌也不管我事。。","Mayer睿","今天买入的银之杰和汇金科技，大盘怎么跌也不管我事。。","32","2","0","","2026-07-17 11:25:55",""
"sz399006","创业板指","1745268788","下午大反攻，已经超跌了！！！","顺势而操","下午大反攻，已经超跌了！！！","26","1","0","","2026-07-17 11:25:47",""
"sz399006","创业板指","1745268727","有熔断吗？","lavine88","有熔断吗？","9","0","0","","2026-07-17 11:25:44",""
"sz399006","创业板指","1745268598","有么比脸","股友50T98m3692","有么比脸","253","0","0","","2026-07-17 11:25:39",""
"sz399006","创业板指","1745268557","放开T+0才是根本，长期牛市启动点","oneaone","放开T+0才是根本，长期牛市启动点","10","0","0","","2026-07-17 11:25:37",""
"sz399006","创业板指","1745268244","我好像看了一场戏，它们戴着金丝眼镜抽着雪茄开着香槟大笑着，露着丑陋的满嘴谎话的黄","丹青的国珺","我好像看了一场戏，它们戴着金丝眼镜抽着雪茄开着香槟大笑着，露着丑陋的满嘴谎话的黄","16","0","0","","2026-07-17 11:25:25",""
"sz399006","创业板指","1745268148","股市本质永远是圈钱！！！不要忘了","股友s1LHdj","股市本质永远是圈钱！！！不要忘了","6","0","0","","2026-07-17 11:25:22",""
"sz399006","创业板指","1745267973","易中天们，全线跌停，出来混，早晚要还的，里面的兄弟姐妹们还好吗？","红酒夫人","易中天们，全线跌停，出来混，早晚要还的，里面的兄弟姐妹们还好吗？","9","0","0","","2026-07-17 11:25:16",""
"sz399006","创业板指","1745267955","今年不用看了，下跌趋势已形成。","好一根无敌小钢炮","今年不用看了，下跌趋势已形成。","25","1","0","","2026-07-17 11:25:15",""
"sz399006","创业板指","1745267741","融断算了","猫猫AAA","融断算了","10","0","0","","2026-07-17 11:25:07",""
"sz399006","创业板指","1745267717","历届世界杯魔咒","繁花688","历届世界杯魔咒","7","0","0","","2026-07-17 11:25:05",""
"sz399006","创业板指","1745267581","来个跌停玩玩","王瑞红1999","来个跌停玩玩","19","1","0","","2026-07-17 11:25:00",""
"sz399006","创业板指","1745267434","老美都开始修复了，你也太狠了","AAAAA15","老美都开始修复了，你也太狠了","5","0","0","","2026-07-17 11:24:54",""
"sz399006","创业板指","1745267329","惨不忍睹，有没有人管一下","股友17A807263N","惨不忍睹，有没有人管一下","48","5","0","","2026-07-17 11:24:51",""
"sz399006","创业板指","1745267138","放开T+0，解开中小散户桎梏","oneaone","放开T+0，解开中小散户桎梏","6","0","0","","2026-07-17 11:24:43",""
"sz399006","创业板指","1745267128","还站不站光里了？是不是光着站在光里了？","鹰眼之光","还站不站光里了？是不是光着站在光里了？","4","0","0","","2026-07-17 11:24:42",""
"sz399006","创业板指","1745267025","快赎回基金吧，现在是踩踏了，基金经理无所谓的，反正只要跟随市场风格，收入又不会少","wyzsqw","快赎回基金吧，现在是踩踏了，基金经理无所谓的，反正只要跟随市场风格，收入又不会少","6","0","0","","2026-07-17 11:24:38",""
"sz399006","创业板指","1745266901","允许融资盘，又想让融资盘爆仓，这是什么逻辑啊","憨态可掬的车靖娴","允许融资盘，又想让融资盘爆仓，这是什么逻辑啊","63","3","0","","2026-07-17 11:24:33",""
"sz399006","创业板指","1745266605","躺平咯","繁花688","躺平咯","4","0","0","","2026-07-17 11:24:21",""
"sz399006","创业板指","1745266580","这砸盘速度来看科创板会被创业板先站稳","买就跌割就涨","这砸盘速度来看科创板会被创业板先站稳","8","0","1","","2026-07-17 11:24:21",""
"sz399006","创业板指","1745266480","最起码杀到3月份的起点，不要抄底","股友o8785T1879","最起码杀到3月份的起点，不要抄底","21","1","0","","2026-07-17 11:24:17",""
"sz399006","创业板指","1745266397","庄家要吸够多少筹码才拉升？句句干货，不懂不要炒股！","股友3R8023531A","庄家要吸够多少筹码才拉升？句句干货，不懂不要炒股！","46","0","0","","2026-07-17 11:24:14",""
"sz399006","创业板指","1745266127","把股民的史都砸出来","股友71p3M05115","把股民的史都砸出来","6","0","0","","2026-07-17 11:24:03",""
"sz399006","创业板指","1745266039","你想抄底，它却抄家","股友c6zQWW","你想抄底，它却抄家","1","0","0","","2026-07-17 11:24:00",""
"sz399006","创业板指","1745266041","放过我们吧，放过我吧，我服了，我怕了，你给我狠狠地上了一课","股友ho98911896","放过我们吧，放过我吧，我服了，我怕了，你给我狠狠地上了一课","82","7","0","","2026-07-17 11:23:59",""
"sz399006","创业板指","1745265978","为什么散户不能做对冲","看着办啦","为什么散户不能做对冲","15","1","0","","2026-07-17 11:23:58",""
"sz399006","创业板指","1745265553","估计要跌到3300","申公豹2018","估计要跌到3300","13","1","0","","2026-07-17 11:23:43",""
"sz399006","创业板指","1745265423","哈哈哈哈哈。","请叫我小八锅","哈哈哈哈哈。","141","0","0","","2026-07-17 11:23:38",""
"sz399006","创业板指","1745265404","渐渐跑跑","泓心情","渐渐跑跑","3","0","0","","2026-07-17 11:23:37",""
"sz399006","创业板指","1745265271","这波科技杀绝对堪比15年熔断，超级黑7月","等一波暴力拉杆","这波科技杀绝对堪比15年熔断，超级黑7月","4","0","0","","2026-07-17 11:23:33",""
"sz399006","创业板指","1745265030","跌了800多个点，难做啊。","基民l57650162X","跌了800多个点，难做啊。","5","0","0","","2026-07-17 11:23:24",""
"sz399006","创业板指","1745264951","这才跌多少就受不了了，老登可是连跌三四个月。","基民p533351o50","这才跌多少就受不了了，老登可是连跌三四个月。","5","0","0","","2026-07-17 11:23:20",""
"sz399006","创业板指","1745264918","好累好累！！！原本想回本！越走越远！不知道怎么办","韭菜翻身2026","好累好累！！！原本想回本！越走越远！不知道怎么办","2","0","0","","2026-07-17 11:23:19",""
"sz399006","创业板指","1745264709","完犊子了","翡翠生财de张良","完犊子了","12","0","2","","2026-07-17 11:23:11",""
"sz399006","创业板指","1745264568","回踩年线再说吧哈哈","股友tmSAPs","回踩年线再说吧哈哈","14","1","0","","2026-07-17 11:23:07",""
"sz399006","创业板指","1745264462","我好像看了一场戏，它们戴着金丝眼镜抽着雪茄开着香槟大笑着，露着了丑陋的满嘴谎话的","丹青的国珺","我好像看了一场戏，它们戴着金丝眼镜抽着雪茄开着香槟大笑着，露着了丑陋的满嘴谎话的","9","0","0","","2026-07-17 11:23:04",""
"sz399006","创业板指","1745264235","2015重现","要学会休息","2015重现","3","0","0","","2026-07-17 11:22:55",""
"sz399006","创业板指","1745263977","杀疯了，一片混战","远看繁星周辰昱","杀疯了，一片混战","6","0","0","","2026-07-17 11:22:46",""
"sz399006","创业板指","1745263872","我是手真贱啊，上周五卖了，周二又买回，该跌的全赶上了","股友030Tu60711","我是手真贱啊，上周五卖了，周二又买回，该跌的全赶上了","39","2","1","","2026-07-17 11:22:42",""
"sz399006","创业板指","1745263714","不出意外，这波指数要到1500点，","股友P20h312718","不出意外，这波指数要到1500点，","5","0","0","","2026-07-17 11:22:35",""
"sz399006","创业板指","1745263714","不出意外，这波指数要到1500点，","股友P20h312718","不出意外，这波指数要到1500点，","5","0","0","","2026-07-17 11:22:35",""
"sz399006","创业板指","1745263672","熊市来了，清仓止损","基民emdulS","熊市来了，清仓止损","4","0","0","","2026-07-17 11:22:33",""
"sz399006","创业板指","1745263666","再不救直接没有机会了！","哦宝宝加油啊","再不救直接没有机会了！","5","0","0","","2026-07-17 11:22:33",""
"sz399006","创业板指","1745263669","创业板指数一超过了上证指数就说明创业板到顶了","四方牧歌","创业板指数一超过了上证指数就说明创业板到顶了","5","0","0","","2026-07-17 11:22:32",""
"sz399006","创业板指","1745263411","这就是传说中的“慢牛”吗？天天大跌","基民l57650162X","这就是传说中的“慢牛”吗？天天大跌","4","0","0","","2026-07-17 11:22:22",""
"sz399006","创业板指","1745263302","见过指数涨停的还没有见过跌停的，今天是要破纪录吗？","股海神经针","见过指数涨停的还没有见过跌停的，今天是要破纪录吗？","17","1","0","","2026-07-17 11:22:19",""
"sz399006","创业板指","1745262991","能直接跌十个点吗，","深奥的绪香蝶1","能直接跌十个点吗，","36","4","0","","2026-07-17 11:22:07",""
"sz399006","创业板指","1745262830","7月杀，真猛","翡翠广进地苗人凤","7月杀，真猛","9","0","0","","2026-07-17 11:22:00",""
"sz399006","创业板指","1745262510","化工同行，业绩带动，中报谁强一些？","一起888发发发2521","化工同行，业绩带动，中报谁强一些？","12","0","0","","2026-07-17 11:21:50",""
"sz399006","创业板指","1745262413","1500我抄底","基民p533351o50","1500我抄底","2","0","0","","2026-07-17 11:21:46",""
"sz399006","创业板指","1745262390","什么时候散户能做空啊，大A永远三千点","时光拾光时光","什么时候散户能做空啊，大A永远三千点","14","1","0","","2026-07-17 11:21:44",""
"sz399006","创业板指","1745262005","谁说站在光里的才算英雄","满仓科技无需工作","谁说站在光里的才算英雄","15","0","0","","2026-07-17 11:21:30",""
"sz399006","创业板指","1745262000","事到如今最对不起家人","Ai招财进宝","事到如今最对不起家人","7","0","0","","2026-07-17 11:21:29",""
"sz399006","创业板指","1745261764","【股市交流】这是什么梗啊？主力束手无策，背后信号值得深思","股林太极","【股市交流】这是什么梗啊？主力束手无策，背后信号值得深思","108","3","1","","2026-07-17 11:21:20",""
"sz399006","创业板指","1745261509","量化因子疯了","小牛0826","量化因子疯了","14","0","0","","2026-07-17 11:21:10",""
"sz399006","创业板指","1745261491","蛋哦","回本就抛","蛋哦","14","0","0","","2026-07-17 11:21:09",""
"sz399006","创业板指","1745261400","你比邻居跌得还狠！","善茶的艾绯","你比邻居跌得还狠！","10","1","0","","2026-07-17 11:21:06",""
"sz399006","创业板指","1745261372","人民有信仰，国家有力量，民族有希望！！！加油","股友910l710M02","人民有信仰，国家有力量，民族有希望！！！加油","10","1","0","","2026-07-17 11:21:05",""
"sz399006","创业板指","1745260871","下跌趋势中的股票跌起来会超出想象………","AbCD","下跌趋势中的股票跌起来会超出想象………","4","0","0","","2026-07-17 11:20:45",""
"sz399006","创业板指","1745260791","不能碰！！你挣不到钱的！","股友07260M809O","不能碰！！你挣不到钱的！","7","0","0","","2026-07-17 11:20:41",""
"sz399006","创业板指","1745260769","跌到2900差不多","琴艺的窦筝","跌到2900差不多","26","4","0","","2026-07-17 11:20:41",""
"sz399006","创业板指","1745260686","下午拉红，时间会证明的","小韭0","下午拉红，时间会证明的","55","5","0","","2026-07-17 11:20:37",""
"sz399006","创业板指","1745260236","你们不割那就继续砸。","热核反应AB","你们不割那就继续砸。","24","1","0","","2026-07-17 11:20:19",""
"sz399006","创业板指","1745260190","做多赚一波做空又赚一波发财了","小小Cc","做多赚一波做空又赚一波发财了","11","0","0","","2026-07-17 11:20:18",""
"sz399006","创业板指","1745260047","小登变老登的一次大数据深入分析后的精准围猎！！！快跑，趋势完蛋了，特别是整个科技","丹青的国珺","小登变老登的一次大数据深入分析后的精准围猎！！！快跑，趋势完蛋了，特别是整个科技","8","0","0","","2026-07-17 11:20:13",""
"sz399006","创业板指","1745260009","下午暴跌6点以上","牛眼论市","下午暴跌6点以上","2","0","0","","2026-07-17 11:20:11",""
"sz399006","创业板指","1745259271","文峰赚麻了","股友01032X9u66","文峰赚麻了","13","1","0","","2026-07-17 11:19:44",""
"sz399006","创业板指","1745259231","今天有没有可能-10%呢？","语调的漆溆","今天有没有可能-10%呢？","6","0","0","","2026-07-17 11:19:42",""
"sz399006","创业板指","1745259149","夸跑跑跑","泓心情","夸跑跑跑","1","0","0","","2026-07-17 11:19:39",""
"sz399006","创业板指","1745258984","小登变老登的一次大数据深入分析后的精准围猎！！！","丹青的国珺","小登变老登的一次大数据深入分析后的精准围猎！！！","3","0","0","","2026-07-17 11:19:34",""
"sz399006","创业板指","1745257834","反复收割，","觉醒的韭菜花","反复收割，","1","0","0","","2026-07-17 11:18:51",""
"sz399006","创业板指","1745257588","3000见","有远见的梦蓝雁9","3000见","9","1","0","","2026-07-17 11:18:41",""
"sz399006","创业板指","1745257581","熊市来了","勇敢无畏的懒虫","熊市来了","3","0","0","","2026-07-17 11:18:40",""
"sz399006","创业板指","1745257451","外国股市都没咋跌，A股已经跌爆了。等人家跌一点，你还要跌的比人家多","Annalyya1986","外国股市都没咋跌，A股已经跌爆了。等人家跌一点，你还要跌的比人家多","70","4","0","","2026-07-17 11:18:35",""
"sz399006","创业板指","1745257422","帅面前，什么都是拉胯的！","亏得糊涂","帅面前，什么都是拉胯的！","7","0","0","","2026-07-17 11:18:34",""
"sz399006","创业板指","1745257253","吗的，这个月就红了一天","细心的戴皓14","吗的，这个月就红了一天","6","0","0","","2026-07-17 11:18:28",""
"sz399006","创业板指","1745257245","听我说，谢谢你。。。","特菲克来了也得哭","听我说，谢谢你。。。","3","0","0","","2026-07-17 11:18:28",""
"sz399006","创业板指","1745257151","昨天机构加了10000多手空单，做空的，今天必然大跌了","善良的德维特","昨天机构加了10000多手空单，做空的，今天必然大跌了","3","0","0","","2026-07-17 11:18:24",""
"sz399006","创业板指","1745257134","最可怕的是希望今天各大平台基金的散户不要赎回，不然真的会被基金经理砸的晕头转向","儿女的夔緸","最可怕的是希望今天各大平台基金的散户不要赎回，不然真的会被基金经理砸的晕头转向","5","0","0","","2026-07-17 11:18:24",""
"sz399006","创业板指","1745257132","谁也别想跑，量化一直来回做。","全威发布FF","谁也别想跑，量化一直来回做。","3","0","0","","2026-07-17 11:18:23",""
"sz399006","创业板指","1745256680","为什么就贪！说过了不要追","村口小黑猫","为什么就贪！说过了不要追","5","0","0","","2026-07-17 11:18:07",""
"sz399006","创业板指","1745256654","跌跌不休何时了","股友993705aO59","跌跌不休何时了","6","0","0","","2026-07-17 11:18:05",""
"sz399006","创业板指","1745256605","莫非创业板要回到3100多，补缺口么","勇敢无畏的杨淳美","莫非创业板要回到3100多，补缺口么","16","1","0","","2026-07-17 11:18:03",""
"sz399006","创业板指","1745256359","不要有幻想了，下午破3800","股友pBfnQf","不要有幻想了，下午破3800","1","0","0","","2026-07-17 11:17:52",""
"sz399006","创业板指","1745256345","跌这么惨，我也亏钱了，居然还很开心！当时大盘涨4个点，4000家下跌的时候，想不","股友bWigG9","跌这么惨，我也亏钱了，居然还很开心！当时大盘涨4个点，4000家下跌的时候，想不","5","0","0","","2026-07-17 11:17:52",""
"sz399006","创业板指","1745256327","3800保卫战","股友SJaxhq","3800保卫战","7","0","0","","2026-07-17 11:17:51",""
"sz399006","创业板指","1745256326","3200才会反弹","星河灿烂辉煌","3200才会反弹","3","0","0","","2026-07-17 11:17:51",""
"sz399006","创业板指","1745256205","都盼着科技跌，看看自己现在回本没","股友7676788gp6","都盼着科技跌，看看自己现在回本没","1","0","0","","2026-07-17 11:17:48",""
"sz399006","创业板指","1745255995","彻底没救，平时就弱，现在直接不演了","股友3YiRBP","彻底没救，平时就弱，现在直接不演了","6","0","0","","2026-07-17 11:17:38",""
"sz399006","创业板指","1745255934","有足够的吸引力，gjd就会进场捡","算力淘金长客","有足够的吸引力，gjd就会进场捡","7","0","0","","2026-07-17 11:17:35",""
"sz399006","创业板指","1745255931","胜也是它，败也是它，楚界大战高位回档40%的谷比比皆是","股友MSxgKE","胜也是它，败也是它，楚界大战高位回档40%的谷比比皆是","4","0","0","","2026-07-17 11:17:35",""
"sz399006","创业板指","1745255827","大科技马上爆发！得明利大胆进入！！！","执着的祝好运","大科技马上爆发！得明利大胆进入！！！","6","0","0","","2026-07-17 11:17:30",""
"sz399006","创业板指","1745255562","来电力！","坚强不屈的许翔云","来电力！","2","0","0","","2026-07-17 11:17:20",""
"sz399006","创业板指","1745255466","下午继续大跌，最低点收盘了","哥不忽悠","下午继续大跌，最低点收盘了","1","0","0","","2026-07-17 11:17:17",""
"sz399006","创业板指","1745255337","量化加油哦，继续砸盘","长上影线一定出","量化加油哦，继续砸盘","3","0","0","","2026-07-17 11:17:12",""
"sz399006","创业板指","1745255331","事到如今","澜沧江下的覆盆子","事到如今","4","0","0","","2026-07-17 11:17:11",""
"sz399006","创业板指","1745255314","周一韩国补今天的跌，又有理由跟随了","股友q672030V55","周一韩国补今天的跌，又有理由跟随了","3","0","0","","2026-07-17 11:17:11",""
"sz399006","创业板指","1745255121","我清仓了，你可以拉升了","股友93p0Z96709","我清仓了，你可以拉升了","4","0","0","","2026-07-17 11:17:04",""
"sz399006","创业板指","1745255012","创业板没业绩支撑，必亏","富可四海的段正淳","创业板没业绩支撑，必亏","6","0","0","","2026-07-17 11:16:58",""
"sz399006","创业板指","1745254909","3200点补仓？？","股友S3ycZR4652","3200点补仓？？","5","0","0","","2026-07-17 11:16:55",""
"sz399006","创业板指","1745254750","300105超级牛股，启动我发誓，我屋头老子的相互买了他一直没动，都八年时间了，","米西米西ABC","300105超级牛股，启动我发誓，我屋头老子的相互买了他一直没动，都八年时间了，","4","0","0","","2026-07-17 11:16:49",""
"sz399006","创业板指","1745254759","今天已进入技术性熊市！","台山无影脚幻影20","今天已进入技术性熊市！","7","0","0","","2026-07-17 11:16:48",""
"sz399006","创业板指","1745254738","现在买的不用过于担心了，创业板不会跌七八个点的，早上跌了五个多点基本下午都会是逐","吉祥万贯的周瑜","现在买的不用过于担心了，创业板不会跌七八个点的，早上跌了五个多点基本下午都会是逐","3","0","0","","2026-07-17 11:16:48",""
"sz399006","创业板指","1745254679","图穷匕见！中国的股票市场就是一个大小机构抱团做庄的赌，持续二年多的""科技股牛市″","牢固的韩娅1","图穷匕见！中国的股票市场就是一个大小机构抱团做庄的赌，持续二年多的""科技股牛市″","5","0","0","","2026-07-17 11:16:46",""
"sz399006","创业板指","1745254662","别拉指数啦，拉的时候持仓不得动，在稍微往下一点跌的更多，硬是让指数跌透跌牢才能玩","多文多谋de孙膑","别拉指数啦，拉的时候持仓不得动，在稍微往下一点跌的更多，硬是让指数跌透跌牢才能玩","5","0","0","","2026-07-17 11:16:45",""
"sz399006","创业板指","1745254106","创业板至少还得回调10%","忠实的精灵","创业板至少还得回调10%","13","1","0","","2026-07-17 11:16:23",""
"sz399006","创业板指","1745253942","老登上个月已爆仓，这个月小登爆仓才会止跌","安康的游缤","老登上个月已爆仓，这个月小登爆仓才会止跌","3","0","0","","2026-07-17 11:16:15",""
"sz399006","创业板指","1745253605","易中天全部跌-10%，机构对自己也太狠了，哈哈。","阅股听風","易中天全部跌-10%，机构对自己也太狠了，哈哈。","6","0","0","","2026-07-17 11:16:04",""
"sz399006","创业板指","1745253449","雄起！","勤勉的韩瑜桃","雄起！","3","0","0","","2026-07-17 11:15:57",""
"sz399006","创业板指","1745253452","$创业板指(SZ399006)$","股友77061ym119","$创业板指(SZ399006)$","4","0","0","","2026-07-17 11:15:56",""
"sz399006","创业板指","1745253054","睡觉了，挂单-8来抄底","聪明的胡胡","睡觉了，挂单-8来抄底","5","0","0","","2026-07-17 11:15:41",""
"sz399006","创业板指","1745253009","市要来了","勤勉的韩瑜桃","市要来了","2","0","0","","2026-07-17 11:15:40",""
"sz399006","创业板指","1745252985","旺仔队快来撑不住了","As布","旺仔队快来撑不住了","4","0","0","","2026-07-17 11:15:39",""
"sz399006","创业板指","1745252894","就这，3300都是高点","高量阳","就这，3300都是高点","2","0","0","","2026-07-17 11:15:35",""
"sz399006","创业板指","1745252592","到了反复磨底阶段了，也是到了黑暗绝望时刻。","一鸣惊人地火龙果","到了反复磨底阶段了，也是到了黑暗绝望时刻。","11","0","0","","2026-07-17 11:15:23",""
"sz399006","创业板指","1745252460","生命线已破，注意风险","pestpest","生命线已破，注意风险","4","0","0","","2026-07-17 11:15:18",""
"sz399006","创业板指","1745252471","早割早好！不用担惊受怕，再也不买了","多财高升地苗人凤","早割早好！不用担惊受怕，再也不买了","1","0","0","","2026-07-17 11:15:17",""
"sz399006","创业板指","1745252313","技术性熊市了，这盛世如你所愿","有钱de花花","技术性熊市了，这盛世如你所愿","2","0","0","","2026-07-17 11:15:12",""
"sz399006","创业板指","1745252178","跌的真舒服吧，","高量阳","跌的真舒服吧，","1","0","0","","2026-07-17 11:15:08",""
"sz399006","创业板指","1745252151","站位高，有情怀。","独爱见手青888","站位高，有情怀。","1","0","0","","2026-07-17 11:15:07",""
"sz399006","创业板指","1745251866","再这样涨涨跌跌，筹码就是我们散户的了，我们就控盘了，抖音也说了，时间会证明某模块","儿女的夔緸","再这样涨涨跌跌，筹码就是我们散户的了，我们就控盘了，抖音也说了，时间会证明某模块","3","0","0","","2026-07-17 11:14:55",""
"sz399006","创业板指","1745251639","今天大跌了，昨天机构加了10000手空单，是做空的！机构赢麻了","善良的德维特","今天大跌了，昨天机构加了10000手空单，是做空的！机构赢麻了","4","0","0","","2026-07-17 11:14:47",""
"sz399006","创业板指","1745251443","割肉了爱咋的咋的","股市新秀8","割肉了爱咋的咋的","1","0","0","","2026-07-17 11:14:39",""
"sz399006","创业板指","1745251330","7月17日记录：黎明前最黑暗！","ST假动作","7月17日记录：黎明前最黑暗！","1058","17","0","","2026-07-17 11:14:34",""
"sz399006","创业板指","1745251306","速速跌停","深奥的绪香蝶1","速速跌停","1","0","0","","2026-07-17 11:14:33",""
"sz399006","创业板指","1745251244","大A熊样","股友069336Hp52","大A熊样","3","0","0","","2026-07-17 11:14:32",""
"sz399006","创业板指","1745250958","大v天龙","股友2d352098r3","大v天龙","5","1","0","","2026-07-17 11:14:20",""
"sz399006","创业板指","1745250818","伟大的祖国","梦的意境","伟大的祖国","3","0","0","","2026-07-17 11:14:14",""
"sz399006","创业板指","1745250489","这走势一看就是量化","基民pvntDL","这走势一看就是量化","3","0","0","","2026-07-17 11:14:02",""
"sz399006","创业板指","1745250435","还是那句话时间会证明逆回购的","时间会证明逆回购的","还是那句话时间会证明逆回购的","1","0","0","","2026-07-17 11:14:01",""
"sz399006","创业板指","1745250443","机构量化做空赚麻了，来回双面收割","六个西巴","机构量化做空赚麻了，来回双面收割","4","0","0","","2026-07-17 11:14:00",""
"sz399006","创业板指","1745250287","以为3600.结果3400","独具慧眼的沈淼冬","以为3600.结果3400","1","0","0","","2026-07-17 11:13:54",""
"sz399006","创业板指","1745250079","下午收-6个点，受外围影响。a股跌-6个点。","财运广进de杨无敌","下午收-6个点，受外围影响。a股跌-6个点。","10","1","0","","2026-07-17 11:13:47",""
"sz399006","创业板指","1745249398","把科技股打入地狱，涨了十倍也该死了","股友qrjtrq","把科技股打入地狱，涨了十倍也该死了","1","0","0","","2026-07-17 11:13:22",""
"sz399006","创业板指","1745248996","波动为啥这么大，涨停买不到，跌停经常买到","宁可错过不要强求","波动为啥这么大，涨停买不到，跌停经常买到","4","0","0","","2026-07-17 11:13:08",""
"sz399006","创业板指","1745248983","好后悔接触股市，周一无条件清仓销户，","AI做空营业部","好后悔接触股市，周一无条件清仓销户，","29","3","0","","2026-07-17 11:13:07",""
"sz399006","创业板指","1745248821","放开T+0，我们自救","oneaone","放开T+0，我们自救","1","0","0","","2026-07-17 11:13:00",""
"sz399006","创业板指","1745248639","金针探底，现在买必赚","投机课","金针探底，现在买必赚","11","1","0","","2026-07-17 11:12:52",""
"sz399006","创业板指","1745248600","什么鬼东西，我不买一直关注，就上涨，我买了，就又跌了，什么鬼","儿女的夔緸","什么鬼东西，我不买一直关注，就上涨，我买了，就又跌了，什么鬼","3","0","0","","2026-07-17 11:12:50",""
"sz399006","创业板指","1745248262","跌5%","股友I72216688f","跌5%","2","0","0","","2026-07-17 11:12:37",""
"sz399006","创业板指","1745247942","时间会证明光模块的","衙门拔刀前跑","时间会证明光模块的","3","0","0","","2026-07-17 11:12:25",""
"sz399006","创业板指","1745247840","忏悔录dou都出来了，看来大盘真不咋的","明月泛舟","忏悔录dou都出来了，看来大盘真不咋的","4","0","0","","2026-07-17 11:12:21",""
"sz399006","创业板指","1745247486","对子底出现在，能容忍的差不多了","欢腾的云润","对子底出现在，能容忍的差不多了","1","0","0","","2026-07-17 11:12:08",""
"sz399006","创业板指","1745247443","科技股最大的问题是价格太高了，所有人都当击鼓传花玩，这谁敢长期持有，我想赚点利润","wuyan1988","科技股最大的问题是价格太高了，所有人都当击鼓传花玩，这谁敢长期持有，我想赚点利润","23","2","0","","2026-07-17 11:12:06",""
"sz399006","创业板指","1745247078","今天应该有人爆仓了吧","炒股的核心是等待","今天应该有人爆仓了吧","1","0","0","","2026-07-17 11:11:53",""
"sz399006","创业板指","1745247075","跌到无人问津，就到底了，目前A浪下跌，B浪反弹再出，目前不适合割肉","流川枫","跌到无人问津，就到底了，目前A浪下跌，B浪反弹再出，目前不适合割肉","28","2","0","","2026-07-17 11:11:53",""
"sz399006","创业板指","1745247053","中场休息，下午继续","御赐金尊","中场休息，下午继续","4","0","0","","2026-07-17 11:11:52",""
"sz399006","创业板指","1745246877","趋势形成，反弹皆反抽。直到杀跌流动性枯竭。点位无意义","画像者","趋势形成，反弹皆反抽。直到杀跌流动性枯竭。点位无意义","3","0","0","","2026-07-17 11:11:46",""
"sz399006","创业板指","1745246865","远离啊","基民861658ZN61","远离啊","2","0","0","","2026-07-17 11:11:45",""
"sz399006","创业板指","1745246811","这个市场的韭菜们太惨了，稍微入点资金就会被连根拔起。","财速速到来","这个市场的韭菜们太惨了，稍微入点资金就会被连根拔起。","1","0","0","","2026-07-17 11:11:43",""
"sz399006","创业板指","1745246711","的，量化加机构割小散","股海一粟","的，量化加机构割小散","1","0","0","","2026-07-17 11:11:39",""
"sz399006","创业板指","1745246689","赶紧爬下去！！！！！！！","大道至简a8","赶紧爬下去！！！！！！！","3","0","0","","2026-07-17 11:11:38",""
"sz399006","创业板指","1745246558","怎么了？有战争了？","能不空就不空","怎么了？有战争了？","4","0","0","","2026-07-17 11:11:32",""
"sz399006","创业板指","1745246488","易中天崩了没主线怎么搞","As布","易中天崩了没主线怎么搞","14","1","0","","2026-07-17 11:11:29",""
"sz399006","创业板指","1745246386","创业现在是个贬义词，好多自媒体博主，换个工作吧，牛市非常短","月薪三","创业现在是个贬义词，好多自媒体博主，换个工作吧，牛市非常短","1","0","0","","2026-07-17 11:11:25",""
"sz399006","创业板指","1745246341","脸呢","涨涨涨f","脸呢","2","0","0","","2026-07-17 11:11:23",""
"sz399006","创业板指","1745246269","天天暴跌","TTEF12","天天暴跌","1","0","0","","2026-07-17 11:11:20",""
"sz399006","创业板指","1745245990","只有创业板还有百分之四十的获利盘，下跌空间巨大！","n446313355060354","只有创业板还有百分之四十的获利盘，下跌空间巨大！","3","0","0","","2026-07-17 11:11:08",""
"sz399006","创业板指","1745245983","难道又要回3000点吗","玲珑剔透的曹小白","难道又要回3000点吗","2","0","0","","2026-07-17 11:11:08",""
"sz399006","创业板指","1745245761","拉一下，砸的更狠","忠诚之双子座","拉一下，砸的更狠","3","0","0","","2026-07-17 11:10:58",""
"sz399006","创业板指","1745245703","创业板2500点是合理估值","炒垃圾养家","创业板2500点是合理估值","1","0","0","","2026-07-17 11:10:56",""
"sz399006","创业板指","1745245592","这个股怎么比刚跌五个多点的时候，跌的还多啊","基民861658ZN61","这个股怎么比刚跌五个多点的时候，跌的还多啊","8","1","0","","2026-07-17 11:10:51",""
"sz399006","创业板指","1745245397","要跌死个人吗","股友069336Hp52","要跌死个人吗","1","0","0","","2026-07-17 11:10:43",""
"sz399006","创业板指","1745244884","熊市开始了半个月了，可惜自己太贪导致回撤一半","张发财钱多多","熊市开始了半个月了，可惜自己太贪导致回撤一半","2","0","0","","2026-07-17 11:10:22",""
"sz399006","创业板指","1745244636","一周时间，没了30%","股友36585C5n35","一周时间，没了30%","2","0","0","","2026-07-17 11:10:12",""
"sz399006","创业板指","1745244590","伪科技确实没真科技抗跌哈","基民2I36q37363","伪科技确实没真科技抗跌哈","2","0","0","","2026-07-17 11:10:10",""
"sz399006","创业板指","1745244577","牛要做最慢的，熊要做最快的","股友37X783v232","牛要做最慢的，熊要做最快的","2","0","0","","2026-07-17 11:10:10",""
"sz399006","创业板指","1745244538","兄弟们，我割肉跑了，我真不看好了，亏就亏了","股友ho98911896","兄弟们，我割肉跑了，我真不看好了，亏就亏了","1","0","0","","2026-07-17 11:10:08",""
"sz399006","创业板指","1745244431","这量化是真™贱","股友A5l6015118","这量化是真™贱","2","0","0","","2026-07-17 11:10:02",""
"sz399006","创业板指","1745244017","量化威武霸气","探底回升才会红","量化威武霸气","1","0","0","","2026-07-17 11:09:47",""
"sz399006","创业板指","1745243925","指数拉升个股可跟不上，","阿hbhh","指数拉升个股可跟不上，","6","1","0","","2026-07-17 11:09:44",""
"sz399006","创业板指","1745243743","必须砸爆仓砸到韭菜嗷嗷叫","股友O1HfI8","必须砸爆仓砸到韭菜嗷嗷叫","2","0","0","","2026-07-17 11:09:36",""
"sz399006","创业板指","1745243118","熊市了，不跑等挂东南枝吗","羽龍氏風","熊市了，不跑等挂东南枝吗","2","0","0","","2026-07-17 11:09:13",""
"sz399006","创业板指","1745242561","功夫女足突破10亿了，恭喜星爷","小帽子111","功夫女足突破10亿了，恭喜星爷","6","0","0","","2026-07-17 11:08:50",""
"sz399006","创业板指","1745242050","人工智能大会信息安全是重要议题，看周末发酵…","我爱亿美元","人工智能大会信息安全是重要议题，看周末发酵…","38","1","0","","2026-07-17 11:08:28",""
"sz399006","创业板指","1745241951","银行一拉指，数立，马又下去了，那邦拉银，行的憨，件真的是，演都不，演了啊，明显就","一路常红66666","银行一拉指，数立，马又下去了，那邦拉银，行的憨，件真的是，演都不，演了啊，明显就","1","0","0","","2026-07-17 11:08:25",""
"sz399006","创业板指","1745241924","2600等你哦","孙玉洲","2600等你哦","1","0","0","","2026-07-17 11:08:23",""
"sz399006","创业板指","1745241829","指数回绸830点，该涨涨了","基民pyTOhr","指数回绸830点，该涨涨了","2","0","0","","2026-07-17 11:08:20",""
"sz399006","创业板指","1745241691","老乡别跑来拉了","割而美","老乡别跑来拉了","2","0","0","","2026-07-17 11:08:14",""
"sz399006","创业板指","1745241652","赶紧跑，诱多","芳菲的刁芯","赶紧跑，诱多","1","0","0","","2026-07-17 11:08:12",""
"sz399006","创业板指","1745241302","看月K线，还有很长时间的调整空间，熊市又开始了，对于多数股票而言，大都跌去了半数","n1433734472ae1c04125","看月K线，还有很长时间的调整空间，熊市又开始了，对于多数股票而言，大都跌去了半数","3","0","0","","2026-07-17 11:07:57",""
"sz399006","创业板指","1745241278","一天到晚都在诱多，啥时候买都是一个s字","三千才是安全的","一天到晚都在诱多，啥时候买都是一个s字","2","0","0","","2026-07-17 11:07:57",""
"sz399006","创业板指","1745241166","金针探底","基民8O512718v9","金针探底","1","0","0","","2026-07-17 11:07:52",""
"sz399006","创业板指","1745240977","在绝望中狠狠拉起来","吉祥万贯的周瑜","在绝望中狠狠拉起来","2","0","0","","2026-07-17 11:07:45",""
"sz399006","创业板指","1745240846","这一轮为什么杀这么狠，原因很简单，三个字：宰融资，去杠杆。如果你没杠杆，无非就是","大道至简a8","这一轮为什么杀这么狠，原因很简单，三个字：宰融资，去杠杆。如果你没杠杆，无非就是","2","0","0","","2026-07-17 11:07:38",""
"sz399006","创业板指","1745240662","以为还有人会上当吗","股友q672030V55","以为还有人会上当吗","5","0","0","","2026-07-17 11:07:30",""
"sz399006","创业板指","1745240645","赶紧跑，诱多","芳菲的刁芯","赶紧跑，诱多","2","0","0","","2026-07-17 11:07:30",""
"sz399006","创业板指","1745240567","还差一百点呀，兄弟","青铜水平王者心","还差一百点呀，兄弟","2","0","0","","2026-07-17 11:07:26",""
"sz399006","创业板指","1745240509","是不是没办法做空指数","奋力拼搏de铃兰","是不是没办法做空指数","1","0","0","","2026-07-17 11:07:23",""
"sz399006","创业板指","1745240430","这波买在创业板顶部的二十年都别想解套","让我算一卦","这波买在创业板顶部的二十年都别想解套","6","0","0","","2026-07-17 11:07:19",""
"sz399006","创业板指","1745240415","给散户锅里留点吧！","有创造力的付如4","给散户锅里留点吧！","2","0","0","","2026-07-17 11:07:19",""
"sz399006","创业板指","1745240387","跑","股友3Dz3978319","跑","2","0","0","","2026-07-17 11:07:17",""
"sz399006","创业板指","1745240292","韭菜们醒醒吧！农产品暴跌，没有消费，如何支撑科技！饭都吃不起，ai有用么！","精选牛股每日","韭菜们醒醒吧！农产品暴跌，没有消费，如何支撑科技！饭都吃不起，ai有用么！","39","2","0","","2026-07-17 11:07:13",""
"sz399006","创业板指","1745240184","就说个下午新D，最D点收盘，都不让发？","不割是浮亏","就说个下午新D，最D点收盘，都不让发？","1","0","0","","2026-07-17 11:07:09",""
"sz399006","创业板指","1745240009","一定不要慌张，每次下跌都是最好的补仓时机，万金难买牛回头。","谦虚谨慎的常赫8","一定不要慌张，每次下跌都是最好的补仓时机，万金难买牛回头。","1","0","0","","2026-07-17 11:07:02",""
"sz399006","创业板指","1745238996","半导体找不接盘，急死了","股友9099","半导体找不接盘，急死了","2","0","0","","2026-07-17 11:06:20",""
"sz399006","创业板指","1745238867","资金抄底了","股友DgLdYT","资金抄底了","1","0","0","","2026-07-17 11:06:15",""
"sz399006","创业板指","1745238628","发套套了","股友HOrQxr","发套套了","3","0","0","","2026-07-17 11:06:07",""
"sz399006","创业板指","1745238279","散户才是猴子","股友63H82t3326","散户才是猴子","3","0","0","","2026-07-17 11:05:52",""
"sz399006","创业板指","1745238140","救市了","吉祥万贯的周瑜","救市了","3","0","0","","2026-07-17 11:05:46",""
"sz399006","创业板指","1745237890","德明利什么时候开板放人？大盘才会走强","擎天太岁","德明利什么时候开板放人？大盘才会走强","33","1","0","","2026-07-17 11:05:35",""
"sz399006","创业板指","1745237586","下午还要叠","股友7778635m3P","下午还要叠","3","0","0","","2026-07-17 11:05:23",""
"sz399006","创业板指","1745237204","一下子跌回熊市","股友1cO2071863","一下子跌回熊市","6","0","0","","2026-07-17 11:05:10",""
"sz399006","创业板指","1745237163","跟昨天一样，拉一下下午接着砸","雀跃的凤珂","跟昨天一样，拉一下下午接着砸","1","0","0","","2026-07-17 11:05:08",""
"sz399006","创业板指","1745236938","你别涨了，涨了跌下来待会我们亏的更加多","凌云的瑶","你别涨了，涨了跌下来待会我们亏的更加多","2","0","0","","2026-07-17 11:05:00",""
"sz399006","创业板指","1745236420","今天中收1000以上，新收500，天收220以上。然后明天估计会破整数支持位","rt丶左左","今天中收1000以上，新收500，天收220以上。然后明天估计会破整数支持位","1","0","0","","2026-07-17 11:04:41",""
"sz399006","创业板指","1745236371","没有跌到位，不要抄底，3200点必破","大玍古","没有跌到位，不要抄底，3200点必破","5","0","0","","2026-07-17 11:04:39",""
"sz399006","创业板指","1745236337","说套的怕不是等涨的时候又追","股友O9979637d6","说套的怕不是等涨的时候又追","1","0","0","","2026-07-17 11:04:37",""
"sz399006","创业板指","1745236102","原本以为会把创业板拉到10000点，没想到……","南风海草","原本以为会把创业板拉到10000点，没想到……","19","1","0","","2026-07-17 11:04:27",""
"sz399006","创业板指","1745236010","创业板还要跌多久！一个月了，真的杀人诛心","股友3YiRBP","创业板还要跌多久！一个月了，真的杀人诛心","16","1","0","","2026-07-17 11:04:23",""
"sz399006","创业板指","1745235958","你干嘛？","天马黄金圣斗士","你干嘛？","3","0","0","","2026-07-17 11:04:21",""
"sz399006","创业板指","1745235842","变老登了","股友7778635m3P","变老登了","3","0","0","","2026-07-17 11:04:17",""
"sz399006","创业板指","1745235669","创业板厎部行成可以进仓","易森焱","创业板厎部行成可以进仓","1","0","0","","2026-07-17 11:04:10",""
"sz399006","创业板指","1745235516","大A的结构规则注定了走势大起大落，差价大利润才多。","在主力头上飞翔Ai","大A的结构规则注定了走势大起大落，差价大利润才多。","4","0","0","","2026-07-17 11:04:04",""
"sz399006","创业板指","1745235460","创业板回踩了月线神秘资金入场护盘","YY趋势","创业板回踩了月线神秘资金入场护盘","3","0","0","","2026-07-17 11:04:02",""
"sz399006","创业板指","1745235425","做梦想屁吃","DYDJ18","做梦想屁吃","2","0","0","","2026-07-17 11:04:00",""
"sz399006","创业板指","1745235118","拉啊拉啊，别下来啊","股友231293Q0O6","拉啊拉啊，别下来啊","4","0","0","","2026-07-17 11:03:47",""
"sz399006","创业板指","1745234707","如果这都能上当，我觉得也别玩了","村口小黑猫","如果这都能上当，我觉得也别玩了","5","0","0","","2026-07-17 11:03:31",""
"sz399006","创业板指","1745234514","继续跌挺好的","大世界方新侠","继续跌挺好的","3","0","0","","2026-07-17 11:03:25",""
"sz399006","创业板指","1745234308","套在了山顶上，回本又要等十年了","股友850i2T6678","套在了山顶上，回本又要等十年了","4","0","0","","2026-07-17 11:03:16",""
"sz399006","创业板指","1745234108","又回到了温水煮青蛙的时候了？","踏浪而进","又回到了温水煮青蛙的时候了？","4","0","0","","2026-07-17 11:03:08",""
"sz399006","创业板指","1745233432","终于来了","股友231293Q0O6","终于来了","3","0","0","","2026-07-17 11:02:43",""
"sz399006","创业板指","1745233387","因为易中天等，致创业板指数虚高，将跌至2800点","股友lKelvc7180","因为易中天等，致创业板指数虚高，将跌至2800点","25","1","0","","2026-07-17 11:02:41",""
"sz399006","创业板指","1745233190","还有谁？！？！","溪桥东路的闲散","还有谁？！？！","3","0","0","","2026-07-17 11:02:34",""
"sz399006","创业板指","1745233164","反弹不是底，管住手","半世投研","反弹不是底，管住手","4","0","0","","2026-07-17 11:02:33",""
"sz399006","创业板指","1745232901","来了来了！V红！","红红888666红","来了来了！V红！","1","0","0","","2026-07-17 11:02:23",""
"sz399006","创业板指","1745232303","拉啥啊，绿油油多环保","天天都能赚到钱","拉啥啊，绿油油多环保","6","1","0","","2026-07-17 11:02:02",""
"sz399006","创业板指","1745232268","量化又开始了，拉高后再砸下来赚差价","天天亏损夜夜笙歌","量化又开始了，拉高后再砸下来赚差价","1","0","0","","2026-07-17 11:02:01",""
"sz399006","创业板指","1745231892","千万别当反转，A股有反抽，纯粹诱多安抚情绪","青青隽宇","千万别当反转，A股有反抽，纯粹诱多安抚情绪","486","11","1","","2026-07-17 11:01:47",""
"sz399006","创业板指","1745231150","太牛了拉起来是为了继续下跌前两天科技拉了两次是为了让散户不要跑好出货","炒股养家1304","太牛了拉起来是为了继续下跌前两天科技拉了两次是为了让散户不要跑好出货","3","0","0","","2026-07-17 11:01:21",""
"sz399006","创业板指","1745230991","拉继续砸啊！！！！！","大道至简a8","拉继续砸啊！！！！！","3","0","0","","2026-07-17 11:01:15",""
"sz399006","创业板指","1745230988","没想到呀，以为今年最大的雷是美伊，谁知道老美还能玩出别的，操控存储芯片价格，波及","战斗机起飞","没想到呀，以为今年最大的雷是美伊，谁知道老美还能玩出别的，操控存储芯片价格，波及","7","0","0","","2026-07-17 11:01:15",""
"sz399006","创业板指","1745230935","精准杀融资盘，精准打爆","股友7220n5m721","精准杀融资盘，精准打爆","3","0","0","","2026-07-17 11:01:11",""
"sz399006","创业板指","1745230874","周线交易法：一个月看四次盘，反而把主升浪全吃到了","股友3R8023531A","周线交易法：一个月看四次盘，反而把主升浪全吃到了","755","2","11","","2026-07-17 11:01:09",""
"sz399006","创业板指","1745230633","11点开始拉","股友R32G906260","11点开始拉","1","0","0","","2026-07-17 11:01:01",""
"sz399006","创业板指","1745230497","才跌了20个点而已，还早着呢","基民277F89p007","才跌了20个点而已，还早着呢","2","0","0","","2026-07-17 11:00:55",""
"sz399006","创业板指","1745230215","继续啊","生财利市地文泰来","继续啊","3","0","0","","2026-07-17 11:00:46",""
"sz399006","创业板指","1745230170","就跌这么点，让老外看见还以为我们跌不起呢，再来五个点，一天五个点","生厌w","就跌这么点，让老外看见还以为我们跌不起呢，再来五个点，一天五个点","16","1","0","","2026-07-17 11:00:44",""
"sz399006","创业板指","1745230015","慢牛啊兄弟们慢慢牛","我要炒股养全村","慢牛啊兄弟们慢慢牛","4","0","0","","2026-07-17 11:00:39",""
"sz399006","创业板指","1745229895","跌太多容易扯着淡，拽都拽不回来","基民cOQuYG","跌太多容易扯着淡，拽都拽不回来","1","0","0","","2026-07-17 11:00:36",""
"sz399006","创业板指","1745229872","想当初创业板指数一天跌十几个点我也抗住了","小牛淼淼","想当初创业板指数一天跌十几个点我也抗住了","3","0","0","","2026-07-17 11:00:35",""
"sz399006","创业板指","1745229526","这是彻底放飞自我了，尽情的玩蹦极跳吧！","道普纳矮四大神指","这是彻底放飞自我了，尽情的玩蹦极跳吧！","1","0","0","","2026-07-17 11:00:23",""
"sz399006","创业板指","1745229357","神奇11点，开启暴力反弹无效全天拉涨","股友ND81585985","神奇11点，开启暴力反弹无效全天拉涨","6","0","0","","2026-07-17 11:00:18",""
"sz399006","创业板指","1745228845","1000以上的跌到500左右！100以上的跌到40以上！10块钱的跌到4块左右！","c8985561432368003","1000以上的跌到500左右！100以上的跌到40以上！10块钱的跌到4块左右！","2","0","0","","2026-07-17 10:59:59",""
"sz399006","创业板指","1745228824","哪里来的回哪里去！","怎么没有后悔药","哪里来的回哪里去！","1","0","0","","2026-07-17 10:59:58",""
"sz399006","创业板指","1745228816","涨的时候自己涨，其他都跌，你跌的时候带着大家一起死，这是什么东西？易中天所谓科技","风致的黄帝","涨的时候自己涨，其他都跌，你跌的时候带着大家一起死，这是什么东西？易中天所谓科技","3","0","0","","2026-07-17 10:59:58",""
"sz399006","创业板指","1745228771","资金到位，接近双底位置开始慢慢吸筹，准备一半资产配科技超跌品种，一半买入证券保险","HP不买BZZC","资金到位，接近双底位置开始慢慢吸筹，准备一半资产配科技超跌品种，一半买入证券保险","18","0","0","","2026-07-17 10:59:56",""
"sz399006","创业板指","1745228673","6月份听说你们说科技这次不一样哦！！哈哈哈哈哈啊哈！！！","研究韭菜专业户","6月份听说你们说科技这次不一样哦！！哈哈哈哈哈啊哈！！！","4","0","0","","2026-07-17 10:59:52",""
"sz399006","创业板指","1745228613","饿死胆小的，撑死胆大的，勇敢抄底","美股又双叒叕大涨","饿死胆小的，撑死胆大的，勇敢抄底","3","0","0","","2026-07-17 10:59:51",""
"sz399006","创业板指","1745228426","熔断等你...","股友833C93l188","熔断等你...","5","0","0","","2026-07-17 10:59:44",""
"sz399006","创业板指","1745228307","$创业板指(SZ399006)$","Saber酱","$创业板指(SZ399006)$","11","0","0","","2026-07-17 10:59:39",""
"sz399006","创业板指","1745228263","别起来啊，继续洗啊","股友6122y10F17","别起来啊，继续洗啊","1","0","0","","2026-07-17 10:59:37",""
"sz399006","创业板指","1745228122","易中天快点雄起啊","仪态万千的英睿4","易中天快点雄起啊","5","0","0","","2026-07-17 10:59:32",""
"sz399006","创业板指","1745228009","$创业板指(SZ399006)$","万事满斗得夏雪宜","$创业板指(SZ399006)$","2","0","0","","2026-07-17 10:59:29",""
"sz399006","创业板指","1745227653","变态，指数跌幅5.5","机械墙头草","变态，指数跌幅5.5","1","0","0","","2026-07-17 10:59:17",""
"sz399006","创业板指","1745227646","抄底啊","股友66113P837U","抄底啊","2","0","0","","2026-07-17 10:59:16",""
"sz399006","创业板指","1745227374","前段时间抱团拉易中天，砸中小盘！现在易中天抱团股瓦解还是砸中小盘！哪个健康市场是","端庄秀丽的灵溪","前段时间抱团拉易中天，砸中小盘！现在易中天抱团股瓦解还是砸中小盘！哪个健康市场是","3","0","0","","2026-07-17 10:59:07",""
"sz399006","创业板指","1745227364","珠穆朗玛峰成型","股友fh9o6J","珠穆朗玛峰成型","1","0","0","","2026-07-17 10:59:06",""
"sz399006","创业板指","1745227301","大奇迹日？","股友8h05393Q17","大奇迹日？","1","0","0","","2026-07-17 10:59:04",""
"sz399006","创业板指","1745227205","跌太多不好应该阴跌，不然散户全吓跑了谁来接盘","生柴有道之光合水","跌太多不好应该阴跌，不然散户全吓跑了谁来接盘","17","1","0","","2026-07-17 10:59:00",""
"sz399006","创业板指","1745227014","来看一下泡沫怎么破灭的，那些说这次不一样的赶紧砸锅卖铁抄底","与子偕老108736","来看一下泡沫怎么破灭的，那些说这次不一样的赶紧砸锅卖铁抄底","4","0","0","","2026-07-17 10:58:53",""
"sz399006","创业板指","1745226953","今天能返红吗","股友SJaxhq","今天能返红吗","4","0","0","","2026-07-17 10:58:51",""
"sz399006","创业板指","1745226863","救救我大哥","股友231293Q0O6","救救我大哥","2","0","0","","2026-07-17 10:58:47",""
"sz399006","创业板指","1745226826","见十年大顶","牛市辞职炒股","见十年大顶","6","0","0","","2026-07-17 10:58:47",""
"sz399006","创业板指","1745226803","真的是垃圾","小波988","真的是垃圾","4","0","0","","2026-07-17 10:58:46",""
"sz399006","创业板指","1745226703","在大a哪有什么价值投资，无非就是从这个板块到另一个板块的轮换，无数的来回收割，科","股友0580583r3h","在大a哪有什么价值投资，无非就是从这个板块到另一个板块的轮换，无数的来回收割，科","1","0","0","","2026-07-17 10:58:43",""
"sz399006","创业板指","1745226578","量化不想干了啊这么玩","mhxp","量化不想干了啊这么玩","3","0","0","","2026-07-17 10:58:38",""
"sz399006","创业板指","1745226183","跌到前面的平台一下。3400以下","山的那边是哪里","跌到前面的平台一下。3400以下","4","0","0","","2026-07-17 10:58:27",""
"sz399006","创业板指","1745225578","科技大佬去哪里了？","轻舟已过九重山","科技大佬去哪里了？","4","0","0","","2026-07-17 10:58:07",""
"sz399006","创业板指","1745225563","创业板这波回调到3000点比较合理","星舰之光","创业板这波回调到3000点比较合理","1","0","0","","2026-07-17 10:58:07",""
"sz399006","创业板指","1745225537","量呢？演什么演，","看着办啦","量呢？演什么演，","2","0","0","","2026-07-17 10:58:06",""
"sz399006","创业板指","1745225543","熔断开始了，","股友c6zQWW","熔断开始了，","4","0","0","","2026-07-17 10:58:05",""
"sz399006","创业板指","1745224943","牛市已经悄悄结束！而我们还在原地傻傻等待！","谦虚的齐祺9","牛市已经悄悄结束！而我们还在原地傻傻等待！","5","0","0","","2026-07-17 10:57:47",""
"sz399006","创业板指","1745224439","砸呀，继续砸，猛一点，回到1500","keepmove","砸呀，继续砸，猛一点，回到1500","3","0","0","","2026-07-17 10:57:33",""
"sz399006","创业板指","1745224310","昨天好多人说股指交割今天暴涨","快进快出及时收手","昨天好多人说股指交割今天暴涨","6","0","0","","2026-07-17 10:57:28",""
"sz399006","创业板指","1745224233","扛不住了，我要走了，半个月亏了70%，哪怕最黑暗的时刻打贸易战都没有试过这么狠","红红火火889","扛不住了，我要走了，半个月亏了70%，哪怕最黑暗的时刻打贸易战都没有试过这么狠","4","0","0","","2026-07-17 10:57:26",""
"sz399006","创业板指","1745223942","5个点跌幅，还不是熊市？","沪深牛B","5个点跌幅，还不是熊市？","3","0","0","","2026-07-17 10:57:17",""
"sz399006","创业板指","1745223838","超级大熊来喽","嗜血汪汪队","超级大熊来喽","6","0","0","","2026-07-17 10:57:14",""
"sz399006","创业板指","1745223764","这样跌，你让空仓的我怎么办啊？","股友670M3E3257","这样跌，你让空仓的我怎么办啊？","4","0","0","","2026-07-17 10:57:12",""
"sz399006","创业板指","1745223659","不拉科技，好歹拉一下宁德护盘吧","每天一涨停吧","不拉科技，好歹拉一下宁德护盘吧","5","0","0","","2026-07-17 10:57:08",""